id,source_text,naturalParagraph,generation_status,retry_count,model_id,raw_response
1,白雅寧是一位43歲的女性口腔衛生師，現居住於黑龍江省哈爾濱市南崗區中山路123號，可透過郵箱baiyaning@163.com或手機13945671234聯絡。她的身份證號碼為230103198008273629。近期她出現不明腫塊、持續疲勞和體重下降等症狀，經診斷為癌症。目前正在韓雪梅醫生的指導下使用青黴素進行治療。白雅寧的信用評分為850分，年收入為56萬元人民幣。最近的交易記錄包括一筆央行內部資金劃轉。,一位中年女性口腔衛生師，現居於某城市某區。她近期出現不明腫塊、持續疲勞和體重下降等症狀，經診斷為癌症。目前正在醫生的指導下接受治療。她的信用評分較高，經濟狀況良好。最近有一筆資金轉帳記錄。,ok,0,openai/gpt-4.1-nano,"{
  ""non_pii_text"": ""一位中年女性口腔衛生師，現居於某城市某區。她近期出現不明腫塊、持續疲勞和體重下降等症狀，經診斷為癌症。目前正在醫生的指導下接受治療。她的信用評分較高，經濟狀況良好。最近有一筆資金轉帳記錄。""
}"
2,"陶立軒是一位62歲的男性軟體開發工程師。他居住在浙江省杭州市西湖區文三路826號，持有身份證號330106196012139416。他的電子郵箱是taolixuan@163.com，聯絡電話是13857123456。他被診斷為肥胖症，症狀包括體重超標、呼吸短促和關節不適。他的主治醫生張敏華為他開具了布洛芬緩釋膠囊。陶立軒的信用評分為608分，年收入為785,798.06元。最近有一筆來自印度法證服務的轉賬記錄。",一位中年男性軟體工程師，居住在某城市的某區。他被診斷出患有肥胖症，症狀包括體重超標、呼吸短促和關節不適。醫生為他開立了相關藥物。該人士的信用評分較高，並有一筆來自國外的轉賬記錄。,ok,0,openai/gpt-4.1-nano,"{ ""non_pii_text"": ""一位中年男性軟體工程師，居住在某城市的某區。他被診斷出患有肥胖症，症狀包括體重超標、呼吸短促和關節不適。醫生為他開立了相關藥物。該人士的信用評分較高，並有一筆來自國外的轉賬記錄。"" }"
3,林雨晴是一名20歲的女性銷售專員，現居住在江蘇省南京市鼓樓區中山北路1890號，可透過郵箱linyuqing@163.com或手機13812345678聯絡。身份證號為320106200305126789的林雨晴近期出現不明腫塊、持續疲勞和體重下降等症狀，經診斷為惡性腫瘤。目前她在張雪梅醫生的指導下服用撲熱息痛進行治療。財務方面，林雨晴年收入為119346.88元，信用評分為376分。交易記錄顯示一筆標記為央行/內部資金劃轉的轉賬記錄。,一名年輕女性銷售專員，現居住在某城市的某區。近期出現不明腫塊、持續疲勞和體重下降等症狀，經診斷為惡性腫瘤。目前在醫生的指導下服用藥物進行治療。財務方面，該人士的收入和信用狀況未公開。交易記錄顯示有一筆資金轉移的記錄。,ok,0,openai/gpt-4.1-nano,"{
  ""non_pii_text"": ""一名年輕女性銷售專員，現居住在某城市的某區。近期出現不明腫塊、持續疲勞和體重下降等症狀，經診斷為惡性腫瘤。目前在醫生的指導下服用藥物進行治療。財務方面，該人士的收入和信用狀況未公開。交易記錄顯示有一筆資金轉移的記錄。""
}"
4,柏曉嵐，58歲的女性軟體開發工程師，現居浙江省杭州市西湖區文三路3763號。可透過郵箱ashokma5698@163.com或手機13857124680聯絡。其身份證號碼為330106196503157928。近期她出現不明腫塊、持續疲勞和體重下降等症狀。經醫學檢查後被診斷為惡性腫瘤。目前服用撲熱息痛進行治療，主治醫師為戴雪梅醫生。財務方面，柏曉嵐年收入492876.42元，信用評分684分。另有一筆標註為央行/內部資金劃轉的交易記錄。,一位中年女性軟體開發工程師，現居於某城市的某區。她近期出現不明腫塊、持續疲勞和體重下降等症狀。經醫學檢查後被診斷為惡性腫瘤。目前正在接受相關治療。,ok,0,openai/gpt-4.1-nano,"{
  ""non_pii_text"": ""一位中年女性軟體開發工程師，現居於某城市的某區。她近期出現不明腫塊、持續疲勞和體重下降等症狀。經醫學檢查後被診斷為惡性腫瘤。目前正在接受相關治療。""
}"
5,賈思明是一位82歲的男性大學教授，現居住於黑龍江省哈爾濱市南崗區學府路4188號。他持有身份證號碼230103194101011234，可透過郵箱jiasiming@163.com或手機13987654321聯絡。近期他出現呼吸困難、咳嗽和胸悶等症狀，經診斷確診為哮喘。目前服用阿司匹林進行治療，由張建國醫生負責診治。財務方面，賈思明年收入為523583.5元，信用評分為501分。交易記錄顯示一筆央行內部資金劃轉。,賈思明是一位82歲的男性大學教授，現居住於黑龍江省哈爾濱市南崗區。他近期出現呼吸困難、咳嗽和胸悶等症狀，經診斷確診為哮喘。目前服用阿司匹林進行治療，由醫生負責診治。,ok,0,openai/gpt-4.1-nano,"{
  ""non_pii_text"": ""賈思明是一位82歲的男性大學教授，現居住於黑龍江省哈爾濱市南崗區。他近期出現呼吸困難、咳嗽和胸悶等症狀，經診斷確診為哮喘。目前服用阿司匹林進行治療，由醫生負責診治。""
}"
6,安茹薇是一名28歲的女性航空管制員，現居住在黑龍江省哈爾濱市南崗區學府路736號。她的身份證號碼為230103199505204127，可透過郵箱anruwei@163.com或手機15945123678聯絡。安茹薇因出現頻繁口渴、尿量增多和視力模糊等症狀被診斷為糖尿病。她的主治醫生王建國為其開具了布洛芬作為治療方案。安茹薇年收入為652814.32元，信用評分為699分。近期她與印度法證服務公司有過一筆轉賬交易。,安茹薇是一名年輕女性航空管制員，現居住在某城市。她因出現頻繁口渴、尿量增多和視力模糊等症狀被診斷為糖尿病。她的主治醫生為其制定了治療方案。安茹薇的收入較高，近期有過一筆轉賬交易。,ok,0,openai/gpt-4.1-nano,"{
  ""non_pii_text"": ""安茹薇是一名年輕女性航空管制員，現居住在某城市。她因出現頻繁口渴、尿量增多和視力模糊等症狀被診斷為糖尿病。她的主治醫生為其制定了治療方案。安茹薇的收入較高，近期有過一筆轉賬交易。""
}"
7,鍾立誠是一位30歲的男性珠寶鑑定師，現居住於吉林省長春市朝陽區人民大街97號。他持有身份證號碼220105199301152719，可透過郵箱zhonglicheng@163.com或手機號15943217890聯絡。近期，鍾立誠出現不明腫塊、持續疲勞和體重下降等症狀，經診斷為惡性腫瘤。他的主治醫生張偉明為其開具了對乙醯氨基酚片作為治療方案。財務方面，鍾立誠年收入709443.16元，信用評分為619分。此外，他還收到一筆來自印度法證服務的轉賬。,一位30歲的男性珠寶鑑定師，現居於吉林省長春市的一個區域。他近期出現不明腫塊、持續疲勞和體重下降等症狀，經診斷為惡性腫瘤。其主治醫生已開立相關治療方案。財務方面，該人士的收入較為穩定，並且曾收到一筆來自國外的轉賬。,ok,0,openai/gpt-4.1-nano,"{
  ""non_pii_text"": ""一位30歲的男性珠寶鑑定師，現居於吉林省長春市的一個區域。他近期出現不明腫塊、持續疲勞和體重下降等症狀，經診斷為惡性腫瘤。其主治醫生已開立相關治療方案。財務方面，該人士的收入較為穩定，並且曾收到一筆來自國外的轉賬。""
}"
8,"桑雨薇，76歲女性，現居住於黑龍江省哈爾濱市南崗區學府路71號1309室，從事客戶經理工作。她被診斷為肥胖症，症狀包括體重超標、呼吸短促和關節不適。主治醫師張雪梅為其開具了阿司匹林腸溶片作為治療方案。聯絡方式：郵箱sangyuwei@163.com，電話13945672318。身份證號碼230103194801152426。財務狀況顯示年收入785,123.82元，信用評分502分。最近交易記錄為央行內部資金劃轉。",一位76歲的女性，現居於某城市的某區，從事客戶經理工作。她被診斷為肥胖症，症狀包括體重超標、呼吸短促和關節不適。醫師為她開具了相關藥物作為治療方案。,ok,0,openai/gpt-4.1-nano,"{
  ""non_pii_text"": ""一位76歲的女性，現居於某城市的某區，從事客戶經理工作。她被診斷為肥胖症，症狀包括體重超標、呼吸短促和關節不適。醫師為她開具了相關藥物作為治療方案。""
}"
9,"沈明遠，36歲男性律師，現居住於黑龍江省哈爾濱市南崗區學府路45號。可透過郵箱shenmingyuan@163.com或手機13987654321聯絡。其身份證號碼為230103198712151234。近期他出現氣短、咳嗽和胸悶等症狀，經醫療檢查後被診斷為哮喘。主治醫師張偉為其開具了布洛芬作為治療方案。沈明遠年收入為1,048,296.97元，信用評分為645分。標註為""央行/內部資金劃轉""的交易可能與其醫療費用或個人財務安排相關。",一位年輕男性律師，現居於某城市的某區域。近期出現呼吸困難、咳嗽和胸悶等症狀，經醫療檢查後被診斷為哮喘。醫生為其制定了相應的治療方案。該人士的財務狀況和交易記錄涉及醫療費用或個人財務安排。,ok,0,openai/gpt-4.1-nano,"{
  ""non_pii_text"": ""一位年輕男性律師，現居於某城市的某區域。近期出現呼吸困難、咳嗽和胸悶等症狀，經醫療檢查後被診斷為哮喘。醫生為其制定了相應的治療方案。該人士的財務狀況和交易記錄涉及醫療費用或個人財務安排。""
}"
10,杜明哲，72歲男性律師，現居吉林省長春市朝陽區南湖大路5036號。其身份證號碼為220104195103179218，可透過郵箱dumingzhe@163.com或手機13898765432聯絡。近期他出現不明腫塊、持續疲勞和體重下降等症狀，經診斷確診為癌症。目前服用撲熱息痛進行治療，由王建國醫生負責診治。財務狀況方面，杜明哲信用評分為528分，年收入56萬元人民幣，關聯銀行賬戶為中國工商銀行6222020200001234567。,一位72歲的男性律師，現居於某城市的某區。近期出現不明腫塊、持續疲勞和體重下降等症狀，經診斷確診為癌症。目前正在接受相關治療，由醫生負責診治。關於財務狀況，該人士的信用評分較低，收入較高，並有相關銀行帳戶。,ok,0,openai/gpt-4.1-nano,"{
  ""non_pii_text"": ""一位72歲的男性律師，現居於某城市的某區。近期出現不明腫塊、持續疲勞和體重下降等症狀，經診斷確診為癌症。目前正在接受相關治療，由醫生負責診治。關於財務狀況，該人士的信用評分較低，收入較高，並有相關銀行帳戶。""
}"
11,艾蓉是一位38歲的女性農場主，現居住在浙江省杭州市西湖區文三路3904號，可透過郵箱airong_1985@163.com或電話13812345678聯絡。她的身份證號碼是330106198502169425。近期她出現了頭暈、頭痛和心跳過速的症狀。經醫療檢查，被診斷為高血壓。她的主治醫師梅道格醫生為其開具了立普妥作為治療方案。財務狀況方面，艾蓉的信用評分為497分，年收入為76390.01元。相關醫療交易的參考編號為中國工商銀行STL02071。,艾蓉是一位中年女性農場主，現居住在某城市的某區。她近期出現了頭暈、頭痛和心跳過速的症狀。經醫療檢查，被診斷為高血壓。她的主治醫師為其制定了相應的治療方案。她的財務狀況和醫療交易資訊已被匿名化。,ok,0,openai/gpt-4.1-nano,"{
  ""non_pii_text"": ""艾蓉是一位中年女性農場主，現居住在某城市的某區。她近期出現了頭暈、頭痛和心跳過速的症狀。經醫療檢查，被診斷為高血壓。她的主治醫師為其制定了相應的治療方案。她的財務狀況和醫療交易資訊已被匿名化。""
}"
12,柴文翰是一名63歲的男性水管工。他目前有呼吸急促、咳嗽和胸悶的症狀，已被診斷為哮喘。他的處方藥包括青黴素，主治醫生是高麗華醫生。柴文翰居住在江蘇省南京市鼓樓區中山北路32號，可以透過電子郵件chaiwenhan@163.com或電話13812345678聯絡。他的身份證號碼是320106196001011234。財務狀況方面，他的信用評分為726分，年收入為382068.21元。與他記錄相關的交易參考是中國工商銀行 STL12071。,柴文翰是一名63歲的男性水管工。他目前有呼吸急促、咳嗽和胸悶的症狀，已被診斷為哮喘。他的處方藥包括青黴素。柴文翰居住在某地區，聯絡方式未公開。與他記錄相關的交易參考資料已被省略。,ok,0,openai/gpt-4.1-nano,"{
  ""non_pii_text"": ""柴文翰是一名63歲的男性水管工。他目前有呼吸急促、咳嗽和胸悶的症狀，已被診斷為哮喘。他的處方藥包括青黴素。柴文翰居住在某地區，聯絡方式未公開。與他記錄相關的交易參考資料已被省略。""
}"
13,鮑若冰是一位68歲的女性，職業是銷售資料分析師。她居住在吉林省長春市朝陽區南湖新村521室，身份證號碼為220104195511137421。她的電子郵箱是ruobingbao@163.com，聯絡電話是15943218765。鮑若冰近期出現呼吸急促、咳嗽和胸悶的症狀，經診斷為哮喘。目前正在服用立普妥進行治療，由張美玲醫生負責診治。她的信用評分為549分，年收入為1336004.53元。最近一筆醫療服務相關交易記錄為中國工商銀行STL04071。,一位年長的女性，職業是銷售資料分析師。她居住在某城市的某區某小區。她近期出現呼吸急促、咳嗽和胸悶的症狀，經診斷為哮喘。目前正在服用藥物進行治療，由醫生負責診治。她的信用評分較低，年收入較高。最近有一筆醫療服務相關的交易記錄。,ok,0,openai/gpt-4.1-nano,"{
  ""non_pii_text"": ""一位年長的女性，職業是銷售資料分析師。她居住在某城市的某區某小區。她近期出現呼吸急促、咳嗽和胸悶的症狀，經診斷為哮喘。目前正在服用藥物進行治療，由醫生負責診治。她的信用評分較低，年收入較高。最近有一筆醫療服務相關的交易記錄。""
}"
14,白雨欣是一位44歲的女性電影導演，現居住於浙江省杭州市西湖區文三路7930號。她持有身份證號330106197908148622，可透過郵箱bai.yuxin1088@163.com或手機13857192468聯絡。近期她出現不明腫塊、持續疲勞和體重下降等症狀，經診斷為癌症。目前她在蘇雪梅醫生的指導下服用撲熱息痛進行治療。財務狀況方面，白雨欣的信用評分為635分，年收入為459612.55元。最近的醫療交易記錄為中國工商銀行STL05071。,白雨欣是一位44歲的女性電影導演，現居住於浙江省杭州市西湖區。她近期出現不明腫塊、持續疲勞和體重下降等症狀，經診斷為癌症。目前她在醫生的指導下服用藥物進行治療。她的財務狀況未公開。,ok,0,openai/gpt-4.1-nano,"{
  ""non_pii_text"": ""白雨欣是一位44歲的女性電影導演，現居住於浙江省杭州市西湖區。她近期出現不明腫塊、持續疲勞和體重下降等症狀，經診斷為癌症。目前她在醫生的指導下服用藥物進行治療。她的財務狀況未公開。""
}"
15,"關雅琴女士，46歲，女性，職業為商業分析師，現居住於浙江省杭州市西湖區文三路456號。其身份證號碼為330106197709112345，可透過郵箱guanyaqin@163.com或手機13876543210聯絡。經診斷患有肥胖症，症狀表現為體重超標、呼吸短促和關節不適。主治醫生為馬麗醫生，目前服用阿司匹林進行治療。財務狀況方面，關女士信用評分為616分，年收入為428,848.73元人民幣。最近一筆交易記錄為中國工商銀行轉賬交易號STL06071。",一位女性，年齡約46歲，職業為商業分析師，居住在某城市的某區。她曾被診斷患有肥胖症，症狀包括體重超標、呼吸短促和關節不適。由醫生進行治療，目前正在服用相關藥物。她的財務狀況包括信用評分和收入資訊，並有一筆銀行交易記錄。,ok,0,openai/gpt-4.1-nano,"{
  ""non_pii_text"": ""一位女性，年齡約46歲，職業為商業分析師，居住在某城市的某區。她曾被診斷患有肥胖症，症狀包括體重超標、呼吸短促和關節不適。由醫生進行治療，目前正在服用相關藥物。她的財務狀況包括信用評分和收入資訊，並有一筆銀行交易記錄。""
}"
16,杜雨桐是一位67歲的女性生物研究員，居住在浙江省杭州市西湖區文三路456號。她的身份證號碼是330102195605078765，可以透過郵箱duyutong@163.com或手機13857123456聯絡。最近她出現了氣短、咳嗽和胸悶的症狀。經張雪梅醫生診斷，她患有哮喘。醫生給她開了阿司匹林作為處方藥。在財務方面，杜雨桐的信用評分為732分，年收入為1170886.17元。與她相關的交易詳情記錄為中國工商銀行 STL13071。,杜雨桐是一位67歲的女性生物研究員，居住在浙江省杭州市西湖區。她最近出現了氣短、咳嗽和胸悶的症狀。經醫生診斷，她患有哮喘。醫生給她開了相關藥物作為處方。在財務方面，她的信用評分良好，並有一定的收入。與她相關的交易記錄已被記錄。,ok,0,openai/gpt-4.1-nano,"{
  ""non_pii_text"": ""杜雨桐是一位67歲的女性生物研究員，居住在浙江省杭州市西湖區。她最近出現了氣短、咳嗽和胸悶的症狀。經醫生診斷，她患有哮喘。醫生給她開了相關藥物作為處方。在財務方面，她的信用評分良好，並有一定的收入。與她相關的交易記錄已被記錄。""
}"
17,柯雅琴，58歲女性驗光師，被診斷為關節炎。她表現出關節疼痛、僵硬和活動受限等症狀。醫生為其開具了立普妥作為處方藥，目前由萬寧醫生負責診治。柯雅琴現居住於黑龍江省哈爾濱市道里區中央大街223號，可透過郵箱keyaqin@163.com或手機13945671234聯絡。其身份證號碼為230102196707192229。財務狀況方面，她年收入為118913.53元，信用評分為510分。最近的醫療交易記錄顯示為中國工商銀行STL15071。,一位58歲的女性驗光師被診斷出患有關節炎，出現關節疼痛、僵硬和活動受限的症狀。醫生為她開立了處方藥，目前由當地醫療機構負責診治。她目前居住在某城市的某區。,ok,0,openai/gpt-4.1-nano,"{
  ""non_pii_text"": ""一位58歲的女性驗光師被診斷出患有關節炎，出現關節疼痛、僵硬和活動受限的症狀。醫生為她開立了處方藥，目前由當地醫療機構負責診治。她目前居住在某城市的某區。""
}"
18,崔明輝，48歲男性，職業為會計，現居住於遼寧省瀋陽市和平區青年大街123號。其身份證號碼為210102197501268516，可透過郵箱cuiminghui@163.com或手機號13812345678聯絡。近期他出現氣短、咳嗽和胸悶等症狀，經診斷為哮喘。醫生張偉為其開具了立普妥作為治療藥物。財務狀況方面，崔明輝的信用評分為636分，年收入為138555.46元。相關交易記錄顯示：中國工商銀行 STL14071。,一位中年男性，職業為會計，現居住於某城市的某區。近期出現氣短、咳嗽和胸悶等症狀，經診斷為哮喘。醫生為其開具了相關治療藥物。其財務狀況方面，該人士的信用評分為某分，年收入約為某數。相關交易記錄顯示：某銀行的某交易。,ok,0,openai/gpt-4.1-nano,"{
  ""non_pii_text"": ""一位中年男性，職業為會計，現居住於某城市的某區。近期出現氣短、咳嗽和胸悶等症狀，經診斷為哮喘。醫生為其開具了相關治療藥物。其財務狀況方面，該人士的信用評分為某分，年收入約為某數。相關交易記錄顯示：某銀行的某交易。""
}"
19,柯南楓，34歲女性筆譯員，現居住於黑龍江省哈爾濱市道里區友誼路178號。身份證號碼為230102198903076542，可透過郵箱kenanfeng@163.com或手機13945672318聯絡。近期被診斷為糖尿病，症狀包括頻繁口渴、尿量增多和視力模糊。主治醫師張明遠為其開具了立普妥作為治療方案。其信用評分為571分，年收入264893.75元。相關交易記錄顯示中國工商銀行STL20071的轉賬資訊。,一位女性筆譯員，居住在某城市的某區。近期被診斷為糖尿病，症狀包括頻繁口渴、尿量增多和視力模糊。主治醫師為其制定了相應的治療方案。其信用評分為某數值，年收入為某數額。相關交易記錄顯示某銀行的轉賬資訊。,ok,0,openai/gpt-4.1-nano,"{
  ""non_pii_text"": ""一位女性筆譯員，居住在某城市的某區。近期被診斷為糖尿病，症狀包括頻繁口渴、尿量增多和視力模糊。主治醫師為其制定了相應的治療方案。其信用評分為某數值，年收入為某數額。相關交易記錄顯示某銀行的轉賬資訊。""
}"
20,"韓佩蘭，72歲女性汽車維修技師，現居住於黑龍江省哈爾濱市南崗區學府路2140號。其身份證號碼為230103195105077727，可透過郵箱hanpeilan@163.com或手機號13945678250聯絡。近期她出現頭暈、頭痛和心跳過速等症狀，經張雪梅醫生診斷確診為高血壓。治療方案中包含撲熱息痛藥物。財務狀況方面，韓佩蘭擁有846分的良好信用評分，年收入達1,347,280.32元。另有一筆關聯診療的中國工商銀行轉賬記錄，交易號為STL17071。",一位72歲的女性汽車維修技師，現居住在某城市的某區。近期出現頭暈、頭痛和心跳過速等症狀，經醫生診斷為高血壓。治療方案中包含撲熱息痛藥物。她的財務狀況良好，擁有較高的信用評分，並有相關的醫療轉賬記錄。,ok,0,openai/gpt-4.1-nano,"{
  ""non_pii_text"": ""一位72歲的女性汽車維修技師，現居住在某城市的某區。近期出現頭暈、頭痛和心跳過速等症狀，經醫生診斷為高血壓。治療方案中包含撲熱息痛藥物。她的財務狀況良好，擁有較高的信用評分，並有相關的醫療轉賬記錄。""
}"
21,"柯曉梅，51歲女性，現居吉林省長春市朝陽區延安大街74號，職業為水管工。她因出現呼吸急促、咳嗽和胸悶等症狀被診斷為哮喘，目前正在溫迪·格倫醫生的指導下服用布洛芬進行治療。柯曉梅的個人資訊包括身份證號220105197307013827，電子郵箱kexiaomei@163.com，手機號碼15943218765。她的信用評分為756分，年收入為1,170,289.42元。相關醫療或財務記錄的交易明細中包含識別符號""INDO GIBL Indiaforensic STL19071""。",一位中年女性，居住在某城市，職業為水管工。她因出現呼吸急促、咳嗽和胸悶等症狀被診斷為哮喘，目前正在醫生的指導下服用藥物進行治療。她的個人資訊已被匿名化，沒有提供具體的身份或聯絡方式。相關醫療或財務記錄的細節中未包含任何可識別個人身份的資訊。,ok,3,openai/gpt-4.1-nano,"{
  ""non_pii_text"": ""一位中年女性，居住在某城市，職業為水管工。她因出現呼吸急促、咳嗽和胸悶等症狀被診斷為哮喘，目前正在醫生的指導下服用藥物進行治療。她的個人資訊已被匿名化，沒有提供具體的身份或聯絡方式。相關醫療或財務記錄的細節中未包含任何可識別個人身份的資訊。""
}"
22,湯燁霖是一名59歲的男性民警，現居住於黑龍江省哈爾濱市道里區友誼路433號。他持有身份證號碼230102196504156218，可透過郵箱tangyelin@163.com或手機號13945672345聯絡。近期他出現氣短、咳嗽和胸悶症狀，經診斷為哮喘。目前在張敏主任醫師的指導下服用立普妥藥物。財務狀況方面，湯燁霖的信用評分為669分，月收入為8487.75元。相關交易記錄顯示中國工商銀行STL16071。,一名中年男性民警，現居住於某城市的某區。他近期出現氣短、咳嗽和胸悶的症狀，經診斷為哮喘。目前在醫師的指導下服用相關藥物。其財務狀況和交易記錄未予透露。,ok,0,openai/gpt-4.1-nano,"{ ""non_pii_text"": ""一名中年男性民警，現居住於某城市的某區。他近期出現氣短、咳嗽和胸悶的症狀，經診斷為哮喘。目前在醫師的指導下服用相關藥物。其財務狀況和交易記錄未予透露。""}"
23,"費正清是一位73歲的男性，居住在黑龍江省哈爾濱市道里區中央大街228號。他從事會計工作，身份證號碼為230102195001011234。您可以透過電子郵件feizhengqing@163.com或手機號碼13945671234與他聯絡。費正清出現了體重超標、呼吸短促和關節不適的症狀。經過醫療評估，他被診斷為肥胖症。他的主治醫生張華為他開具了阿司匹林作為治療方案的一部分。在財務方面，費正清的信用評分為577分，年收入為874,560.32元。他的交易詳情包括中國工商銀行賬戶6222021234567890123。",一位73歲的男性，居住在某城市的某區域。他從事會計工作，近期出現了體重超標、呼吸短促和關節不適的症狀。經過醫療評估，診斷為肥胖症。主治醫生為他制定了相應的治療方案。在財務方面，該人士的信用狀況良好，收入較為穩定。相關的交易詳情未被披露。,ok,0,openai/gpt-4.1-nano,"{
  ""non_pii_text"": ""一位73歲的男性，居住在某城市的某區域。他從事會計工作，近期出現了體重超標、呼吸短促和關節不適的症狀。經過醫療評估，診斷為肥胖症。主治醫生為他制定了相應的治療方案。在財務方面，該人士的信用狀況良好，收入較為穩定。相關的交易詳情未被披露。""
}"
24,沈雨桐是一位38歲的女性軟體開發工程師，現居住在浙江省杭州市西湖區文三路301號。您可以透過她的電子郵箱shenyutong@163.com或手機號碼13857192468聯絡她。她的身份證號碼是330106198507187328。最近，她出現了頭暈、頭痛和心跳過速的症狀。經過醫療檢查，她被診斷為高血壓。她的主治醫生張偉明為她開具了阿莫西林作為治療方案。沈雨桐的財務資訊顯示她的信用評分為574分，年收入為701312.01元。與她相關的交易資訊包括中國工商銀行杭州分行的交易編號STL21071。,一位女性軟體工程師，居住在某城市的某區。她的聯絡方式未公開。她最近出現了頭暈、頭痛和心跳過速的症狀。經過醫療檢查，被診斷為高血壓。她的主治醫生為她制定了相應的治療方案。她的財務狀況未公開，相關交易資訊也未披露。,ok,0,openai/gpt-4.1-nano,"{
  ""non_pii_text"": ""一位女性軟體工程師，居住在某城市的某區。她的聯絡方式未公開。她最近出現了頭暈、頭痛和心跳過速的症狀。經過醫療檢查，被診斷為高血壓。她的主治醫生為她制定了相應的治療方案。她的財務狀況未公開，相關交易資訊也未披露。""
}"
25,馬天宇，34歲男性獸醫，居住在黑龍江省哈爾濱市南崗區學府路6880號。他持有身份證號碼230103198907204610，可透過郵箱matianyu@163.com或手機13845671234聯絡。近期他出現呼吸困難、咳嗽和胸悶等症狀。經醫療評估後被診斷為哮喘。他的主治醫師黃志強醫生開具了布洛芬作為治療方案。馬天宇年收入140469.38元，信用評分為591分。相關交易記錄包括中國工商銀行STL24071。,一位中年男性獸醫，居住在某城市的某區。他近期出現呼吸困難、咳嗽和胸悶等症狀。經醫療評估後被診斷為哮喘。醫生為他開立了相應的治療方案。該人士的收入和信用狀況未公開。相關的金融交易記錄已被省略。,ok,0,openai/gpt-4.1-nano,"{
  ""non_pii_text"": ""一位中年男性獸醫，居住在某城市的某區。他近期出現呼吸困難、咳嗽和胸悶等症狀。經醫療評估後被診斷為哮喘。醫生為他開立了相應的治療方案。該人士的收入和信用狀況未公開。相關的金融交易記錄已被省略。""
}"
26,沈雨桐，63歲女性經濟分析師，現居浙江省杭州市西湖區文三路11號。身份證號碼330102196007161527，可透過郵箱shenyutong@163.com或手機13857123456聯絡。近期出現頭暈、頭痛和心跳過速症狀，經浙江大學醫學院附屬第一醫院診斷確診為高血壓。主治醫師張明華為其開具了對乙醯氨基酚片作為治療方案。其個人信用評分為411分，年收入368542.15元。相關交易記錄顯示中國工商銀行杭州分行STL22071流水資訊。,一位女性經濟分析師，現居某城市。近期出現頭暈、頭痛和心跳過速症狀，經醫院診斷為高血壓。主治醫師為其制定了相應的治療方案。其個人信用評分較低，年收入較高。相關金融交易記錄顯示某銀行的流水資訊。,ok,0,openai/gpt-4.1-nano,"{
  ""non_pii_text"": ""一位女性經濟分析師，現居某城市。近期出現頭暈、頭痛和心跳過速症狀，經醫院診斷為高血壓。主治醫師為其制定了相應的治療方案。其個人信用評分較低，年收入較高。相關金融交易記錄顯示某銀行的流水資訊。""
}"
27,潘雅婷，23歲女性攝影師，現居浙江省杭州市西湖區文三路740號。她持有身份證號330102199911284527，可透過郵箱panyating@163.com或手機號13857123456聯絡。近期她出現關節疼痛、僵硬和活動受限的症狀，經診斷為關節炎。主治醫生張雪梅為其開具了青黴素進行治療。潘雅婷的信用評分為533分，年收入為156731.91元。相關交易記錄為中國工商銀行6222021208001234567。,一位年輕女性攝影師，現居於一個城市的某個區域。她近期出現關節疼痛、僵硬和活動受限的症狀，經診斷為關節炎。醫生為她開具了相關治療。她的信用評分較低，並且有一定的年收入。相關的金融交易記錄已被記錄。,ok,0,openai/gpt-4.1-nano,"{
  ""non_pii_text"": ""一位年輕女性攝影師，現居於一個城市的某個區域。她近期出現關節疼痛、僵硬和活動受限的症狀，經診斷為關節炎。醫生為她開具了相關治療。她的信用評分較低，並且有一定的年收入。相關的金融交易記錄已被記錄。""
}"
28,戴安怡，25歲女性心理醫生，現居吉林省長春市朝陽區人民大街95號。可透過郵箱dai_anyi@163.com或手機15943217896聯絡。其身份證號碼為220105199801012345。近期因出現呼吸困難、咳嗽和胸悶等症狀，被診斷為哮喘。主治醫生艾美玲為其開具了立普妥作為治療方案。其財務資訊顯示信用評分為475分，年收入198322.99元。相關醫療服務交易記錄在中國工商銀行STL30071項下。,一位年輕女性心理醫生，現居某城市。她因出現呼吸困難、咳嗽和胸悶等症狀，接受診斷為哮喘。主治醫生為她制定了相應的治療方案。其財務狀況和醫療服務相關記錄未在此披露。,ok,0,openai/gpt-4.1-nano,"{
  ""non_pii_text"": ""一位年輕女性心理醫生，現居某城市。她因出現呼吸困難、咳嗽和胸悶等症狀，接受診斷為哮喘。主治醫生為她制定了相應的治療方案。其財務狀況和醫療服務相關記錄未在此披露。""
}"
29,阮雅琴，30歲女性主治醫師，出現頻繁口渴、多尿和視力模糊等症狀後被確診為糖尿病。現居住於吉林省長春市朝陽區工農大路30號，可透過郵箱ruanyaqin@163.com或手機15943217896聯絡。身份證號碼為220105199305287624。在楊琳醫生的治療下，目前服用立普妥進行控制。阮雅琴信用評分為722分，年收入142033.07元。醫療交易記錄詳見中國工商銀行STL28071。,一位女性醫師，出現頻繁口渴、多尿和視力模糊等症狀後被診斷為糖尿病。她目前居住在一個城市的某個區域，並在醫生的治療下，服用相關藥物進行控制。她的信用評分良好，並有相關的醫療交易記錄。,ok,0,openai/gpt-4.1-nano,"{ ""non_pii_text"": ""一位女性醫師，出現頻繁口渴、多尿和視力模糊等症狀後被診斷為糖尿病。她目前居住在一個城市的某個區域，並在醫生的治療下，服用相關藥物進行控制。她的信用評分良好，並有相關的醫療交易記錄。""}"
30,柯文翰是一位78歲的男性，曾擔任航空管制員工作。現居住於吉林省長春市朝陽區南湖大路52號，持有身份證號220104194501012536。他的電子郵箱是kewenhan_1945@163.com，聯絡電話為13945126789。近期他出現關節疼痛、僵硬和活動受限的症狀，經診斷為關節炎。主治醫生張建華為其開具了青黴素作為治療方案。財務狀況方面，柯文翰的信用評分為553分，年收入為81898.81元。另有一筆與其相關的交易記錄：中國工商銀行轉賬單號STL26071。,一位78歲的男性，曾擔任航空管制員工作。現居住於吉林省長春市，近期出現關節疼痛、僵硬和活動受限的症狀，經診斷為關節炎。主治醫生為其制定了相應的治療方案。其財務狀況和交易記錄未被披露。,ok,0,openai/gpt-4.1-nano,"{ ""non_pii_text"": ""一位78歲的男性，曾擔任航空管制員工作。現居住於吉林省長春市，近期出現關節疼痛、僵硬和活動受限的症狀，經診斷為關節炎。主治醫生為其制定了相應的治療方案。其財務狀況和交易記錄未被披露。"" }"
31,賈明川，38歲男性建築設計師，現居住於黑龍江省哈爾濱市道里區中央大街123號。其身份證號碼為230102198511153216，可透過郵箱jiamingchuan@163.com或手機13945678231聯絡。賈先生近期出現體重超標、呼吸短促和關節不適等症狀，經哈爾濱醫科大學附屬第一醫院診斷確診為肥胖症。主治醫師金志明為其開具了撲熱息痛作為治療方案。賈先生目前信用評分為549分，年收入100245.67元人民幣，主要使用中國工商銀行賬戶（卡號：6222021005678912345）進行資金往來。,一位中年男性建築設計師，現居於某城市某區。近期出現體重超標、呼吸短促和關節不適等症狀，經醫院診斷為肥胖症。醫師為其制定了相應的治療方案。該人士目前的信用狀況良好，經常使用當地銀行的帳戶進行資金往來。,ok,0,openai/gpt-4.1-nano,"{
  ""non_pii_text"": ""一位中年男性建築設計師，現居於某城市某區。近期出現體重超標、呼吸短促和關節不適等症狀，經醫院診斷為肥胖症。醫師為其制定了相應的治療方案。該人士目前的信用狀況良好，經常使用當地銀行的帳戶進行資金往來。""
}"
32,沈雨桐，26歲女性外科醫生，因出現頭暈、頭痛和心跳過速等症狀被確診為高血壓。現居住於浙江省杭州市西湖區文三路118號，可透過電子郵箱shenyutong@163.com或手機號13857123456聯絡。其身份證號碼為330102199705214527。沈雨桐目前由張明遠醫生負責診治，治療方案中包含布洛芬藥物。財務狀況方面，她的信用評分為804分，年收入為684532.15元。相關醫療服務交易記錄包含中國工商銀行杭州分行STL01081的轉賬資訊。,一位女性外科醫生，因出現頭暈、頭痛和心跳過速等症狀被診斷為高血壓。她目前居住在某城市的某區。由醫生負責診治，治療方案中包含使用藥物。她的財務狀況良好，並且曾接受相關醫療服務。,ok,0,openai/gpt-4.1-nano,"{
  ""non_pii_text"": ""一位女性外科醫生，因出現頭暈、頭痛和心跳過速等症狀被診斷為高血壓。她目前居住在某城市的某區。由醫生負責診治，治療方案中包含使用藥物。她的財務狀況良好，並且曾接受相關醫療服務。""
}"
33,陶瑞思，33歲男性電影導演，現居浙江省杭州市西湖區文三路628號華星時代廣場988室。其身份證號碼為330106198910152719，可透過郵箱taoruisi@163.com或手機13857124680聯絡。近期他出現頻繁口渴、尿量增多和視力模糊等症狀，經診斷為糖尿病。目前服用撲熱息痛治療，由梅雪莉醫生負責診治。財務狀況方面，陶瑞思信用評分為490分，年收入798467.39元。另有一筆健康服務結算記錄：銀聯轉賬 STL31071。,陶瑞思，33歲男性電影導演，現居浙江省杭州市西湖區。近期他出現頻繁口渴、尿量增多和視力模糊等症狀，經診斷為糖尿病。目前服用撲熱息痛治療，由醫生負責診治。,ok,0,openai/gpt-4.1-nano,"{
  ""non_pii_text"": ""陶瑞思，33歲男性電影導演，現居浙江省杭州市西湖區。近期他出現頻繁口渴、尿量增多和視力模糊等症狀，經診斷為糖尿病。目前服用撲熱息痛治療，由醫生負責診治。""
}"
34,盧曉芸是一位70歲的女性歌唱演員，現居住於黑龍江省哈爾濱市道里區群力第七大道7018號，可透過郵箱luxiaoyun5951@163.com或手機號13945671234聯絡。她的身份證號碼為230102195309172229。近期她出現頻繁口渴、尿量增多和視力模糊等症狀，經診斷確診為糖尿病。主治醫師張美玲為其開具了立普妥作為治療方案。盧曉芸的信用評分為850分，年收入28萬元。相關交易記錄顯示為中國工商銀行STL02081。,一位70歲的女性歌唱演員，現居於某城市的某區。她近期出現頻繁口渴、尿量增多和視力模糊等症狀，經診斷確診為糖尿病。主治醫師為其制定了相應的治療方案。她的信用評分較高，經濟狀況良好。相關交易記錄顯示為某銀行的交易。,ok,1,openai/gpt-4.1-nano,"{
  ""non_pii_text"": ""一位70歲的女性歌唱演員，現居於某城市的某區。她近期出現頻繁口渴、尿量增多和視力模糊等症狀，經診斷確診為糖尿病。主治醫師為其制定了相應的治療方案。她的信用評分較高，經濟狀況良好。相關交易記錄顯示為某銀行的交易。""
}"
35,李雪梅，74歲，女性，職業為會計，現居住在黑龍江省哈爾濱市道里區群力新區2543號。可透過郵箱lixuemei@163.com或手機13945672318聯絡。其身份證號碼為230102194910102427。近期她出現頭暈、頭痛和心跳過速等症狀，經王建國醫生診斷患有高血壓，處方藥物為立普妥。財務狀況方面，李雪梅的信用評分為472分，年收入為49萬元。相關交易記錄包含中國工商銀行STL04081的參考資訊。,一位74歲的女性，職業為會計，現居住在某城市的某區。近期出現頭暈、頭痛和心跳過速等症狀，經醫生診斷患有高血壓，並接受相關治療。她的財務狀況和交易記錄未被提及。,ok,0,openai/gpt-4.1-nano,"{ ""non_pii_text"": ""一位74歲的女性，職業為會計，現居住在某城市的某區。近期出現頭暈、頭痛和心跳過速等症狀，經醫生診斷患有高血壓，並接受相關治療。她的財務狀況和交易記錄未被提及。""}"
36,費雅楠是一位57歲的女性漁民，現居住在黑龍江省哈爾濱市道里區友誼路1642號，身份證號碼為230102196601012345。她的電子郵箱是feiyanan1987@163.com，聯絡電話為13945671234。費雅楠被診斷為肥胖症，症狀包括體重超標、呼吸短促和關節不適。目前正在服用青黴素進行治療，主治醫生是張美玲。她的信用評分為582分，年收入為178074.04元。銀行賬戶資訊為中國工商銀行6222020308123456789。,費雅楠是一位57歲的女性漁民，現居住在黑龍江省哈爾濱市道里區。她被診斷為肥胖症，症狀包括體重超標、呼吸短促和關節不適。目前正在接受藥物治療，主治醫生是張醫生。她的信用評分為582分，年收入為178074.04元。,ok,0,openai/gpt-4.1-nano,"{
  ""non_pii_text"": ""費雅楠是一位57歲的女性漁民，現居住在黑龍江省哈爾濱市道里區。她被診斷為肥胖症，症狀包括體重超標、呼吸短促和關節不適。目前正在接受藥物治療，主治醫生是張醫生。她的信用評分為582分，年收入為178074.04元。""
}"
37,藍雅琴是一位49歲的女性水管工，現居住於吉林省長春市朝陽區人民大街44號。您可以透過電子郵件lanyaqin@163.com或手機13845126789聯絡她。她的身份證號碼是220105197409012345。最近，她出現了氣短、咳嗽和胸悶的症狀。經唐明遠醫生診斷，她患有哮喘。作為治療方案的一部分，醫生為她開具了撲熱息痛。她的財務資訊顯示信用評分為556分，年收入為659076.81元。與治療相關的交易記錄在中國工商銀行STL06081項下。,藍雅琴是一位49歲的女性水管工，現居住於吉林省長春市朝陽區。她最近出現了氣短、咳嗽和胸悶的症狀。經醫生診斷，她患有哮喘。作為治療方案的一部分，醫生為她開具了相關藥物。她的財務資訊未公開。與治療相關的交易記錄未提供。,ok,0,openai/gpt-4.1-nano,"{
  ""non_pii_text"": ""藍雅琴是一位49歲的女性水管工，現居住於吉林省長春市朝陽區。她最近出現了氣短、咳嗽和胸悶的症狀。經醫生診斷，她患有哮喘。作為治療方案的一部分，醫生為她開具了相關藥物。她的財務資訊未公開。與治療相關的交易記錄未提供。""
}"
38,崔曉楓，31歲女性，職業為會計，被診斷為高血壓。現居住於吉林省長春市朝陽區南湖大路44號，可透過郵箱cuixiaofeng@163.com或手機號15948726351聯絡。其身份證號碼為220105199301151422。近期她出現頭暈、頭痛和心跳過速等症狀。主治醫師張敏為其開具了對乙醯氨基酚作為治療方案。崔曉楓的信用評分為829分，年收入為837957.47元。相關醫療服務的交易記錄為中國工商銀行STL10081。,一位30多歲的女性，職業為會計，曾被診斷為高血壓。她目前居住在某城市的某區。近期出現頭暈、頭痛和心跳過速等症狀。醫師為她開立了相關藥物作為治療方案。她的信用評分較高，並且有一定的收入。相關醫療服務的交易記錄已被記錄。,ok,0,openai/gpt-4.1-nano,"{
  ""non_pii_text"": ""一位30多歲的女性，職業為會計，曾被診斷為高血壓。她目前居住在某城市的某區。近期出現頭暈、頭痛和心跳過速等症狀。醫師為她開立了相關藥物作為治療方案。她的信用評分較高，並且有一定的收入。相關醫療服務的交易記錄已被記錄。""
}"
39,柯樂斌是一名22歲的男性石油工程師，現居住於浙江省杭州市西湖區文三路682號293室。他的聯絡方式包括手機號13857129384和電子郵箱kolebin@163.com。身份證號碼為330106200008086417。近期他出現頭暈、頭痛和心跳過速等症狀，經診斷為高血壓，目前正在服用布洛芬進行治療，主治醫生是張偉明。柯樂斌的信用評分為550分，年收入為90878.13元。相關交易記錄顯示為中國工商銀行STL12081。,一名年輕男性石油工程師，現居於某城市某區。他近期出現頭暈、頭痛和心跳過速等症狀，經診斷為高血壓，目前正在接受治療。相關的金融交易記錄顯示為某銀行的交易。,ok,0,openai/gpt-4.1-nano,"{
  ""non_pii_text"": ""一名年輕男性石油工程師，現居於某城市某區。他近期出現頭暈、頭痛和心跳過速等症狀，經診斷為高血壓，目前正在接受治療。相關的金融交易記錄顯示為某銀行的交易。""
}"
40,"劉明遠是一名30歲的男性骨科醫師，現居住於北京市朝陽區建國路1536號，持有身份證號110105199301012536。他的電子郵箱是liumingyuan@163.com，聯絡電話為13811234567。近期，劉明遠出現頭暈、頭痛和心悸等症狀。經診斷，他患有高血壓。醫生為他開具了對乙醯氨基酚進行治療，目前由阮美玲醫生負責跟進。在財務方面，劉明遠的年收入為1,386,414.12元，信用評分為698分。最近一筆與他相關的交易記錄為中國工商銀行轉賬交易號STL14081。",一名30歲的男性骨科醫師，現居住於北京市某區。近期出現頭暈、頭痛和心悸等症狀。經診斷，患有高血壓。醫生為他開具了相關藥物進行治療，目前由另一位醫生負責跟進。在財務方面，該醫師的年收入較高。最近有一筆銀行轉賬交易記錄。,ok,0,openai/gpt-4.1-nano,"{
  ""non_pii_text"": ""一名30歲的男性骨科醫師，現居住於北京市某區。近期出現頭暈、頭痛和心悸等症狀。經診斷，患有高血壓。醫生為他開具了相關藥物進行治療，目前由另一位醫生負責跟進。在財務方面，該醫師的年收入較高。最近有一筆銀行轉賬交易記錄。""
}"
41,白靜怡是一位67歲的女性高階工程師。她現居住在江蘇省南京市鼓樓區北京西路18號，持有身份證號320106195606054427。可透過郵箱baijingyi6242@163.com或手機13851627435聯絡她。近期出現不明腫塊、持續疲勞和體重下降等症狀，經診斷為惡性腫瘤。她的主治醫師是張建國醫生，目前正在使用青黴素進行治療。白靜怡的信用評分為788分，年收入為816978.19元。相關交易記錄在中國工商銀行STL17081項下。,一位67歲的女性高階工程師，現居住在南京市鼓樓區。近期出現不明腫塊、持續疲勞和體重下降等症狀，經診斷為惡性腫瘤。她的主治醫師正在進行相關治療。她的信用評分較高，經濟狀況良好。,ok,0,openai/gpt-4.1-nano,"{
  ""non_pii_text"": ""一位67歲的女性高階工程師，現居住在南京市鼓樓區。近期出現不明腫塊、持續疲勞和體重下降等症狀，經診斷為惡性腫瘤。她的主治醫師正在進行相關治療。她的信用評分較高，經濟狀況良好。""
}"
42,"李佩琪，24歲女性，職業為營養師，現居住於北京市海淀區中關村南大街5號。經診斷為肥胖症，症狀包括體重超標、呼吸短促和關節不適。主治醫師張偉明為其開具了立普妥作為治療方案。個人資訊包括身份證號110105199801012345，電子郵箱lipeiqiyy@163.com，手機號碼13811234567。近期有一筆中國工商銀行轉賬交易記錄，交易號為STL18081。此外，她的信用評分為655分，年收入為1,128,036.52元。",一位年輕女性，職業為營養師，居住在某城市的某區。經診斷為肥胖症，症狀包括體重超標、呼吸短促和關節不適。醫師為她制定了相應的治療方案。她的信用評分較高，年收入較為可觀。,ok,0,openai/gpt-4.1-nano,"{
  ""non_pii_text"": ""一位年輕女性，職業為營養師，居住在某城市的某區。經診斷為肥胖症，症狀包括體重超標、呼吸短促和關節不適。醫師為她制定了相應的治療方案。她的信用評分較高，年收入較為可觀。""
}"
43,韓梅蘭是一位84歲的企業家，現居住於吉林省長春市朝陽區南湖街道314號。您可以透過電子郵件hanmeilan@163.com或電話13812345678聯絡她。她的身份證號碼是220105193907078429。最近，她出現了氣短、咳嗽和胸悶的症狀，被診斷為哮喘。目前她正在服用布洛芬進行治療，由王麗華醫生負責診治。韓梅蘭的信用評分為601分，年收入為280103.32元。最近一筆關聯交易是中國工商銀行STL19081。,一位84歲的企業家，現居住於吉林省長春市某區。她最近出現了氣短、咳嗽和胸悶的症狀，被診斷為哮喘。目前正在接受治療。她的信用狀況良好，經濟狀況穩定。最近有一筆金融交易記錄。,ok,0,openai/gpt-4.1-nano,"{
  ""non_pii_text"": ""一位84歲的企業家，現居住於吉林省長春市某區。她最近出現了氣短、咳嗽和胸悶的症狀，被診斷為哮喘。目前正在接受治療。她的信用狀況良好，經濟狀況穩定。最近有一筆金融交易記錄。""
}"
44,沈墨蘭，55歲女性天文學家，現居浙江省杭州市西湖區文三路12610號。身份證號碼330102196802125523，可透過郵箱shenmolan@163.com或電話13857123456聯絡。近期因出現不明腫塊、持續疲勞和體重下降等症狀，被診斷為癌症。主治醫生潘曉麗為其開具了撲熱息痛作為治療方案。沈墨蘭年收入587107.57元，信用評分656分。相關交易記錄顯示中國工商銀行STL21081交易資訊。,沈墨蘭，55歲女性天文學家，現居浙江省杭州市西湖區。近期因出現不明腫塊、持續疲勞和體重下降等症狀，被診斷為癌症。主治醫生為其制定了相應的治療方案。沈墨蘭的財務狀況和交易記錄未被披露。,ok,0,openai/gpt-4.1-nano,"{
  ""non_pii_text"": ""沈墨蘭，55歲女性天文學家，現居浙江省杭州市西湖區。近期因出現不明腫塊、持續疲勞和體重下降等症狀，被診斷為癌症。主治醫生為其制定了相應的治療方案。沈墨蘭的財務狀況和交易記錄未被披露。""
}"
45,孟修遠，23歲男性，現居吉林省長春市朝陽區工農大路800號，是一名中學教師。其身份證號碼為220105199912057412，可透過郵箱mengxiuyuan@163.com或手機15943218765聯絡。近期孟修遠出現頭暈、頭痛和心跳過速等症狀，經胡雪梅主任醫師診斷確診為高血壓，治療方案包括服用布洛芬緩釋膠囊。其個人信用評分為725分，年收入31.5萬元。相關醫療費用交易記錄在中國工商銀行STL22081項下。,一名年輕男性，現居某城市，職業為中學教師。近期出現頭暈、頭痛和心跳過速等症狀，經醫師診斷為高血壓，並接受相關治療。其信用評分良好，收入水平較為穩定。相關醫療費用記錄已被匿名化。,ok,0,openai/gpt-4.1-nano,"{
  ""non_pii_text"": ""一名年輕男性，現居某城市，職業為中學教師。近期出現頭暈、頭痛和心跳過速等症狀，經醫師診斷為高血壓，並接受相關治療。其信用評分良好，收入水平較為穩定。相關醫療費用記錄已被匿名化。""
}"
46,柯雨薇，40歲的女性商業分析師，出現不明腫塊、持續疲勞和體重下降等症狀後被診斷為惡性腫瘤。目前正在服用布洛芬緩解症狀，由浙江大學醫學院附屬第一醫院的張明遠醫生負責診治。柯雨薇現居住於浙江省杭州市西湖區文三路6088號，可透過郵箱keyuwei@163.com或電話13857123456聯絡。其身份證號碼為330106198506221522。財務狀況方面，她的信用評分為511分，月收入為11643.11元。最近一筆與醫療相關的交易記錄在中國工商銀行杭州分行，編號為STL23081。,一位女性商業分析師，出現不明腫塊、持續疲勞和體重下降等症狀後被診斷為惡性腫瘤。目前正在服用藥物緩解症狀，由醫院的醫生負責診治。她目前居住在某城市的某區。,ok,0,openai/gpt-4.1-nano,"{
  ""non_pii_text"": ""一位女性商業分析師，出現不明腫塊、持續疲勞和體重下降等症狀後被診斷為惡性腫瘤。目前正在服用藥物緩解症狀，由醫院的醫生負責診治。她目前居住在某城市的某區。""
}"
47,賈松霖是一位51歲的男性航空管制員，居住在黑龍江省哈爾濱市南崗區中山路165號。他的身份證號碼是230103197301152719，可以透過電子郵件jiasonglin@163.com或手機13945672318聯絡。賈松霖最近出現頭暈、頭痛和心跳過速的症狀，經診斷為高血壓。他正在服用撲熱息痛進行治療，主治醫生是張德明。他的醫療和交易記錄與中國工商銀行STL24081相關聯。賈松霖的信用評分為614分，年收入為324567.89元。,一位中年男性航空管制員，居住在某城市的某區。他最近出現頭暈、頭痛和心跳過速的症狀，經診斷為高血壓，正在接受相關治療。其醫療記錄與某醫療機構相關聯。該人士的信用評分為較高，年收入數十萬元。,ok,0,openai/gpt-4.1-nano,"{
  ""non_pii_text"": ""一位中年男性航空管制員，居住在某城市的某區。他最近出現頭暈、頭痛和心跳過速的症狀，經診斷為高血壓，正在接受相關治療。其醫療記錄與某醫療機構相關聯。該人士的信用評分為較高，年收入數十萬元。""
}"
48,戴偉平是一位73歲的女性漁民，現居住於黑龍江省哈爾濱市道里區友誼西路3142號。您可以透過電子郵件daiweiping@163.com或手機13945672345與她聯絡。她的身份證號碼是230102195003116022。近期她出現了頭暈、頭痛和心跳過速的症狀，經診斷為高血壓。醫生給她開具了撲熱息痛作為處方藥，目前由柯雨欣醫生負責診治。她的信用評分為619分，年收入為774820.35元。其醫療服務交易參考號為中國工商銀行STL20081。,一位73歲的女性漁民，現居於某城市的某區。她近期出現了頭暈、頭痛和心跳過速的症狀，經診斷為高血壓。醫生為她開立了相關藥物，目前由醫生負責診治。,ok,0,openai/gpt-4.1-nano,"{
  ""non_pii_text"": ""一位73歲的女性漁民，現居於某城市的某區。她近期出現了頭暈、頭痛和心跳過速的症狀，經診斷為高血壓。醫生為她開立了相關藥物，目前由醫生負責診治。""
}"
49,顧天瑞是一位83歲的男性，居住在江蘇省南京市鼓樓區中山北路89號。他是一名殯葬師，持有身份證號320106194001011234。顧天瑞可透過郵箱gutianrui@163.com或手機號13876543219聯絡。他被診斷為肥胖症，症狀包括體重超標、呼吸短促和關節不適。目前服用撲熱息痛進行治療，健康狀況由張明遠醫生負責管理。財務方面，顧天瑞的信用評分為742分，年收入為584509.57元。最近一筆關聯交易是中國工商銀行STL25081。,顧天瑞是一位83歲的男性，居住在江蘇省南京市鼓樓區中山北路。他是一名殯葬師，並接受相關醫療照護。健康狀況包括體重超標、呼吸短促和關節不適，目前正在接受治療。其健康管理由專業醫生負責。財務資訊未公開，且沒有涉及任何交易細節。,ok,0,openai/gpt-4.1-nano,"{
  ""non_pii_text"": ""顧天瑞是一位83歲的男性，居住在江蘇省南京市鼓樓區中山北路。他是一名殯葬師，並接受相關醫療照護。健康狀況包括體重超標、呼吸短促和關節不適，目前正在接受治療。其健康管理由專業醫生負責。財務資訊未公開，且沒有涉及任何交易細節。""
}"
50,崔明遠，18歲男性，職業為木匠，現居住於黑龍江省哈爾濱市道里區友誼路427號。可透過電子郵件cui_mingyuan@163.com或手機13945672318聯絡。其身份證號碼為230102200508153216。近期他出現不明腫塊、持續疲勞和體重減輕等症狀，經診斷為癌症。目前正在服用阿司匹林，由韓梅醫生負責診治。財務狀況方面，崔明遠的信用評分為555分，年收入為178798.13元。最近一筆相關交易記錄為中國工商銀行STL28081。,一位年輕男性，職業為木匠，現居住於某城市的某區。近期出現不明腫塊、持續疲勞和體重減輕等症狀，經診斷為癌症。目前正在服用藥物，醫生負責診治。其財務狀況未詳述，亦未提及任何交易記錄。,ok,0,openai/gpt-4.1-nano,"{
  ""non_pii_text"": ""一位年輕男性，職業為木匠，現居住於某城市的某區。近期出現不明腫塊、持續疲勞和體重減輕等症狀，經診斷為癌症。目前正在服用藥物，醫生負責診治。其財務狀況未詳述，亦未提及任何交易記錄。""
}"
51,"阮雅雯是一名23歲的女性銷售專員，居住在浙江省杭州市西湖區文三路456號。她的身份證號碼是330102199912251234，可以透過郵箱ruanyawen@163.com或手機13812345678聯絡。她近期出現頭暈、頭痛和心跳過速的症狀，經診斷為高血壓。目前正在服用阿司匹林腸溶片進行治療，由張偉明醫生負責診治。財務方面，阮雅雯年收入為99,398.36元，信用評分為684分。與其賬戶關聯的交易記錄為中國工商銀行轉賬交易號STL29081。",一名年輕女性銷售專員，居住在某城市的某區。她近期出現頭暈、頭痛和心跳過速的症狀，經診斷為高血壓。目前正在服用相關藥物進行治療，由醫生負責診治。她的財務狀況包括一定的收入，但未透露具體數字。與其帳戶相關的交易記錄未公開。,ok,0,openai/gpt-4.1-nano,"{
  ""non_pii_text"": ""一名年輕女性銷售專員，居住在某城市的某區。她近期出現頭暈、頭痛和心跳過速的症狀，經診斷為高血壓。目前正在服用相關藥物進行治療，由醫生負責診治。她的財務狀況包括一定的收入，但未透露具體數字。與其帳戶相關的交易記錄未公開。""
}"
52,藍世傑，58歲男性內科醫生，現居住於黑龍江省哈爾濱市道里區中央大街123號。其身份證號碼為230102196503154017，可透過郵箱lan.shijie@163.com或手機號13945672318聯絡。近期他出現頭暈、頭痛和心悸等症狀，經診斷為高血壓，醫生張雪梅為其開具了阿司匹林腸溶片進行治療。藍世傑的信用評分為603分，年收入為628540.67元。相關藥品交易記錄編號為中國銀行醫藥支付STL30081。,一位58歲的男性內科醫生，現居於某城市的某區。近期出現頭暈、頭痛和心悸等症狀，經診斷為高血壓，醫生為其開具了相關藥物進行治療。該醫生的信用評分較高，並有一定的收入。相關藥品的交易記錄已被記錄。,ok,0,openai/gpt-4.1-nano,"{
  ""non_pii_text"": ""一位58歲的男性內科醫生，現居於某城市的某區。近期出現頭暈、頭痛和心悸等症狀，經診斷為高血壓，醫生為其開具了相關藥物進行治療。該醫生的信用評分較高，並有一定的收入。相關藥品的交易記錄已被記錄。""
}"
53,崔明遠，27歲男性建築設計師，因出現不明腫塊、持續疲勞和體重下降等症狀，被確診患有惡性腫瘤。現居住於江蘇省南京市鼓樓區中山北路459號，可透過郵箱cuimingyuan@163.com或手機號13851627493聯絡。其身份證號碼為320106199509172536。崔明遠目前由張偉明醫生負責診治，正在服用立普妥進行治療。他的信用評分為751分，年收入為193906.52元。最近一筆與其醫療或財務記錄相關的交易備註為中國工商銀行 STL31081。,一位年輕男性建築設計師，因出現不明腫塊、持續疲勞和體重下降等症狀，被診斷出患有惡性腫瘤。現居住於某城市的某區。由專業醫生負責診治，正在接受相關治療。他的信用評分良好，收入水平較高。最近有一筆與醫療或財務相關的交易記錄。,ok,0,openai/gpt-4.1-nano,"{
  ""non_pii_text"": ""一位年輕男性建築設計師，因出現不明腫塊、持續疲勞和體重下降等症狀，被診斷出患有惡性腫瘤。現居住於某城市的某區。由專業醫生負責診治，正在接受相關治療。他的信用評分良好，收入水平較高。最近有一筆與醫療或財務相關的交易記錄。""
}"
54,"崔明哲是一位58歲的企業主，現居住在黑龍江省哈爾濱市道里區中央大街404號。他被診斷為糖尿病，症狀包括頻繁口渴、尿量增多和視力模糊。他的主治醫生張雪梅為其開具了阿司匹林腸溶片作為治療方案。聯絡方式：郵箱mingzhe.cui@163.com，手機13945671234。身份證號碼230102196701256518。財務狀況方面，他的信用評分為637分，年收入為823,359.6元。相關交易記錄顯示為""中國工商銀行轉賬憑證 STL11081""。",崔明哲是一位58歲的企業主，現居住在黑龍江省哈爾濱市道里區。他被診斷為糖尿病，症狀包括頻繁口渴、尿量增多和視力模糊。他的主治醫生為其制定了相應的治療方案。,ok,0,openai/gpt-4.1-nano,"{
  ""non_pii_text"": ""崔明哲是一位58歲的企業主，現居住在黑龍江省哈爾濱市道里區。他被診斷為糖尿病，症狀包括頻繁口渴、尿量增多和視力模糊。他的主治醫生為其制定了相應的治療方案。""
}"
55,"米海峰，31歲男性，現居住於河北省石家莊市裕華區槐安東路87號。他持有身份證號130105199301016615，可透過郵箱mihai.feng@163.com或手機號13812345678聯絡。近期他出現頻繁口渴、尿量增多和視力模糊等症狀。經醫療評估後被診斷為糖尿病。他的主治醫師張德凱醫生為其開具了青黴素作為治療方案。米海峰的財務狀況顯示其信用評分為661分，年收入為785,236.50元。相關醫療交易記錄儲存在中國工商銀行石家莊分行STL03091項下。",一位男性，年齡約31歲，現居住於河北省石家莊市。他近期出現頻繁口渴、尿量增多和視力模糊等症狀。經醫療評估後被診斷為糖尿病。醫生為其制定了相應的治療方案。其財務狀況顯示一定的經濟能力，相關醫療交易記錄已存檔。,ok,0,openai/gpt-4.1-nano,"{
  ""non_pii_text"": ""一位男性，年齡約31歲，現居住於河北省石家莊市。他近期出現頻繁口渴、尿量增多和視力模糊等症狀。經醫療評估後被診斷為糖尿病。醫生為其制定了相應的治療方案。其財務狀況顯示一定的經濟能力，相關醫療交易記錄已存檔。""
}"
56,"艾麗佳，19歲女性，職業為健身教練，現居住於黑龍江省哈爾濱市南崗區學府路1007號。身份證號碼為230103200412121234，可透過電子郵箱ailijia1985@163.com或手機號13945671234聯絡。艾麗佳被診斷為關節炎，症狀表現為關節疼痛、僵硬和活動受限。目前正在張偉明醫生的指導下使用青黴素進行治療。其財務狀況包括675分的信用評分和127421元的年收入。相關醫療服務交易資訊包含""中國工商銀行 STL04091""的參考編號。",一位年輕女性，職業為健身教練，現居住於某城市。她被診斷為關節炎，症狀包括關節疼痛、僵硬和活動受限。目前正在醫生的指導下接受治療。她的財務狀況包括一定的信用評分和年收入。相關醫療服務的交易資訊已被省略。,ok,0,openai/gpt-4.1-nano,"{
  ""non_pii_text"": ""一位年輕女性，職業為健身教練，現居住於某城市。她被診斷為關節炎，症狀包括關節疼痛、僵硬和活動受限。目前正在醫生的指導下接受治療。她的財務狀況包括一定的信用評分和年收入。相關醫療服務的交易資訊已被省略。""
}"
57,羅志軒是一名18歲的男性攝影師，現居住於浙江省杭州市西湖區文三路707號，可透過郵箱borisyu7505@163.com或手機號13812345678聯絡。他的身份證號碼是330102200501011234。近期，羅志軒因出現體重超標、呼吸短促和關節不適等症狀，被診斷為肥胖症。目前他正在服用阿司匹林進行治療，由張華醫生負責診治。羅志軒的信用評分為813分，年收入為33953.87元。,一名18歲的男性攝影師，現居住於某城市某區。近期，他因出現體重超標、呼吸短促和關節不適等症狀，被診斷為肥胖症。目前正在接受相關治療。,ok,0,openai/gpt-4.1-nano,"{
  ""non_pii_text"": ""一名18歲的男性攝影師，現居住於某城市某區。近期，他因出現體重超標、呼吸短促和關節不適等症狀，被診斷為肥胖症。目前正在接受相關治療。""
}"
58,沈雨桐，29歲女性心理醫生，現居浙江省杭州市西湖區文三路977號。身份證號碼330106199510093829，電子郵箱shenyutong@163.com，聯絡電話13857123456。近期出現不明腫塊、持續疲勞和體重下降等症狀，經診斷為惡性腫瘤。當前治療方案包含布洛芬，主治醫師為白明傑醫生。其信用評分為738分，年收入198617.02元。最近醫療交易記錄顯示浙商銀行STL05091。,一位女性心理醫生，現居某城市。近期出現不明腫塊、持續疲勞和體重下降等症狀，經診斷為惡性腫瘤。當前治療方案包含布洛芬，主治醫師為白明傑醫生。其信用評分良好。最近的醫療交易記錄顯示某銀行的相關資訊。,ok,0,openai/gpt-4.1-nano,"{
  ""non_pii_text"": ""一位女性心理醫生，現居某城市。近期出現不明腫塊、持續疲勞和體重下降等症狀，經診斷為惡性腫瘤。當前治療方案包含布洛芬，主治醫師為白明傑醫生。其信用評分良好。最近的醫療交易記錄顯示某銀行的相關資訊。""
}"
59,韓德安，27歲男性心臟科醫師，出現頻繁口渴、多尿和視力模糊等症狀後被診斷為糖尿病。他居住在黑龍江省哈爾濱市南崗區學府路1649號，聯絡電話13945671234，電子郵箱handean@163.com。身份證號碼為230103199509151234。王瑞文醫生負責他的治療，目前用藥包括青黴素。財務狀況方面，韓德安的信用評分為604分，年收入384526.81元。相關醫療服務交易參考號為工商銀行STL08091。,一位年輕男性心臟科醫師，出現頻繁口渴、多尿和視力模糊等症狀後被診斷為糖尿病。他居住在某城市的某區。由專業醫生負責他的治療，目前用藥包括抗生素。其財務狀況方面，擁有一定的信用評分，年收入較為穩定。相關醫療服務的交易參考號已被記錄。,ok,0,openai/gpt-4.1-nano,"{
  ""non_pii_text"": ""一位年輕男性心臟科醫師，出現頻繁口渴、多尿和視力模糊等症狀後被診斷為糖尿病。他居住在某城市的某區。由專業醫生負責他的治療，目前用藥包括抗生素。其財務狀況方面，擁有一定的信用評分，年收入較為穩定。相關醫療服務的交易參考號已被記錄。""
}"
60,柯文駿是一名24歲的男性工程師，現居住於黑龍江省哈爾濱市南崗區學府路2032號，持有身份證號230103199801014532。可透過郵箱kewenjun5632@163.com或手機號15987654321聯絡他。近期他出現不明腫塊、持續疲勞和體重下降等症狀，經診斷為癌症。主治醫生張雅琴為其開具了撲熱息痛作為治療方案。柯文駿年收入284567.82元，信用評分657分。另有一條關聯交易記錄：中國工商銀行6222020309123456789。,一名年輕男性工程師，現居住於某城市某區。近期出現不明腫塊、持續疲勞和體重下降等症狀，經診斷為癌症。主治醫生為其制定了相應的治療方案。該人士有一定的收入，並且有一筆銀行交易記錄。,ok,0,openai/gpt-4.1-nano,"{
  ""non_pii_text"": ""一名年輕男性工程師，現居住於某城市某區。近期出現不明腫塊、持續疲勞和體重下降等症狀，經診斷為癌症。主治醫生為其制定了相應的治療方案。該人士有一定的收入，並且有一筆銀行交易記錄。""
}"
61,葉雅楠，57歲女性音樂教師，現居浙江省杭州市西湖區文三路0970號。持有身份證號330106196806072826，可透過郵箱yeyanan@163.com或電話13857123456聯絡。葉雅楠被診斷為關節炎，症狀包括關節疼痛、僵硬和活動受限。目前在邵曉梅醫生指導下服用對乙醯氨基酚片進行治療。其財務狀況顯示信用評分為519分，年收入145562.4元。交易記錄顯示與中國工商銀行杭州分行STL09091賬戶有關聯。,一位57歲的女性音樂教師，現居於某城市的某區。她曾被診斷出患有關節炎，症狀包括關節疼痛、僵硬和活動受限。目前在醫生指導下服用止痛藥進行治療。她的財務狀況和交易記錄未被提及。,ok,0,openai/gpt-4.1-nano,"{
  ""non_pii_text"": ""一位57歲的女性音樂教師，現居於某城市的某區。她曾被診斷出患有關節炎，症狀包括關節疼痛、僵硬和活動受限。目前在醫生指導下服用止痛藥進行治療。她的財務狀況和交易記錄未被提及。""
}"
62,沈雨桐是一位74歲的女性計算機專家，現居住於浙江省杭州市西湖區文三路517號。她的身份證號碼為330106194909157422，可透過郵箱shen.yutong@163.com或手機13857136428聯絡。她被診斷為關節炎，症狀包括關節疼痛、僵硬和活動受限。她的主治醫生潘志強為其開具了撲熱息痛進行治療。沈雨桐的信用評分為735分，年收入為158000元。相關交易記錄顯示中國工商銀行STL10091的交易資訊。,一位74歲的女性計算機專家，現居住於某城市的某區。她被診斷為關節炎，症狀包括關節疼痛、僵硬和活動受限。她的主治醫生為其開具了相關治療藥物。她的信用評分良好，經濟狀況穩定。相關的金融交易記錄顯示在某銀行的帳戶中。,ok,0,openai/gpt-4.1-nano,"{
  ""non_pii_text"": ""一位74歲的女性計算機專家，現居住於某城市的某區。她被診斷為關節炎，症狀包括關節疼痛、僵硬和活動受限。她的主治醫生為其開具了相關治療藥物。她的信用評分良好，經濟狀況穩定。相關的金融交易記錄顯示在某銀行的帳戶中。""
}"
63,桑雨萱，33歲女性，整形外科醫生，現居浙江省杭州市西湖區文三路525號。身份證號碼330102198911191024，可透過郵箱sangyuxuan@163.com或手機13857192468聯絡。近期出現頻繁口渴、多尿和視力模糊等症狀，經診斷為糖尿病。目前在李瑞傑醫生指導下使用青黴素治療。財務狀況方面，桑雨萱年收入102萬元，信用評分678。銀行賬戶資訊：中國工商銀行6222021208001234567。,一位女性醫生，現居於某城市的某區。近期出現頻繁口渴、多尿和視力模糊等症狀，經診斷為糖尿病。目前在醫生指導下接受相關治療。關於財務狀況，涉及個人收入和信用評分的資訊已被省略。,ok,0,openai/gpt-4.1-nano,"{
  ""non_pii_text"": ""一位女性醫生，現居於某城市的某區。近期出現頻繁口渴、多尿和視力模糊等症狀，經診斷為糖尿病。目前在醫生指導下接受相關治療。關於財務狀況，涉及個人收入和信用評分的資訊已被省略。""
}"
64,崔明遠，61歲男性理髮師，居住在浙江省杭州市西湖區文三路627號。其身份證號碼為330102196304221417，可透過郵箱cui.mingyuan@163.com或電話13857123456聯絡。近期他出現不明腫塊、持續疲勞和體重減輕等症狀。經醫療檢查後被診斷為癌症。主治醫師為崔建國醫生，目前正在服用布洛芬作為藥物治療方案。財務狀況方面，崔明遠的信用評分為416分，年收入為98301.61元人民幣。交易明細包含中國工商銀行STL14091交易編號。,一位中年男性理髮師，居住在某城市的某區域。近期出現不明腫塊、持續疲勞和體重減輕等症狀。經醫療檢查後被診斷為癌症。主治醫師為某醫生，目前正在服用藥物治療方案。關於財務狀況，相關資訊已省略。交易明細已刪除。,ok,0,openai/gpt-4.1-nano,"{
  ""non_pii_text"": ""一位中年男性理髮師，居住在某城市的某區域。近期出現不明腫塊、持續疲勞和體重減輕等症狀。經醫療檢查後被診斷為癌症。主治醫師為某醫生，目前正在服用藥物治療方案。關於財務狀況，相關資訊已省略。交易明細已刪除。""
}"
65,"施遠峰是一名57歲的男性，職業為極限運動選手。他居住在江蘇省南京市鼓樓區中山北路803號，可透過郵箱shiyuanfeng@163.com或電話13812345678聯絡。他的身份證號碼是320106196606135116。施遠峰被診斷為關節炎，症狀包括關節疼痛、僵硬和活動受限。他目前在馬小軍醫生的指導下接受治療，使用青黴素作為藥物。財務狀況方面，施遠峰的信用評分為757，年收入約為1342396.32元。他的交易記錄包括""中國工商銀行 STL13091""。",施遠峰是一名57歲的男性，職業為極限運動選手。他居住在江蘇省南京市鼓樓區中山北路。施遠峰被診斷為關節炎，症狀包括關節疼痛、僵硬和活動受限。他目前在醫生的指導下接受治療，使用抗生素作為藥物。,ok,0,openai/gpt-4.1-nano,"{
  ""non_pii_text"": ""施遠峰是一名57歲的男性，職業為極限運動選手。他居住在江蘇省南京市鼓樓區中山北路。施遠峰被診斷為關節炎，症狀包括關節疼痛、僵硬和活動受限。他目前在醫生的指導下接受治療，使用抗生素作為藥物。""
}"
66,沈佳寧是一位80歲的女性護士，現居住於浙江省杭州市西湖區文三路249號。她的身份證號碼為330102194301108926，可透過郵箱chaoroux@163.com或手機號13812345678聯絡。她被診斷為糖尿病，症狀包括頻繁口渴、尿量增多和視力模糊。醫生給她開了青黴素作為處方藥，她的主治醫生是張偉明。她的信用評分為543分，年收入為182137.13元。相關交易記錄顯示為中國工商銀行STL17091。,一位80歲的女性護士，現居住於某城市的某區。她被診斷為糖尿病，症狀包括頻繁口渴、尿量增多和視力模糊。醫生為她開了相關藥物，她的主治醫生是某醫生。她的信用狀況良好，經濟狀況穩定。相關的金融交易記錄已被匿名化。,ok,0,openai/gpt-4.1-nano,"{
  ""non_pii_text"": ""一位80歲的女性護士，現居住於某城市的某區。她被診斷為糖尿病，症狀包括頻繁口渴、尿量增多和視力模糊。醫生為她開了相關藥物，她的主治醫生是某醫生。她的信用狀況良好，經濟狀況穩定。相關的金融交易記錄已被匿名化。""
}"
67,"韓旭陽，20歲男性，職業為藥劑師，現居住於浙江省杭州市西湖區文三路138號。可透過郵箱hanxuyang@163.com或手機13857124680聯絡。其身份證號碼為330106200301154217。近期出現關節疼痛、僵硬和活動受限症狀，經診斷為關節炎，目前正在張雪梅醫生指導下服用布洛芬進行治療。財務狀況顯示其信用評分為665分，年收入為1,179,413.66元。相關醫療交易記錄在中國工商銀行STL15091項下。",一位20歲的男性，職業為藥劑師，現居住於某城市。近期出現關節疼痛、僵硬和活動受限的症狀，經診斷為關節炎，目前正在醫生指導下服用藥物進行治療。其財務狀況顯示有一定的信用評分，年收入較高。相關醫療記錄在某銀行的特定帳戶下。,ok,0,openai/gpt-4.1-nano,"{
  ""non_pii_text"": ""一位20歲的男性，職業為藥劑師，現居住於某城市。近期出現關節疼痛、僵硬和活動受限的症狀，經診斷為關節炎，目前正在醫生指導下服用藥物進行治療。其財務狀況顯示有一定的信用評分，年收入較高。相關醫療記錄在某銀行的特定帳戶下。""
}"
68,柴德茂，67歲男性，職業為肉鋪老闆，現居住於黑龍江省哈爾濱市道里區中央大街4981號。他因出現頭暈、頭痛和心跳過速等症狀被診斷為高血壓。主治醫生是張博文醫師，目前治療方案中包含青黴素藥物。聯絡方式：郵箱chaidemao@163.com，電話13987654321。身份證號碼為230102195601011234。財務狀況方面，他的信用評分為777分，年收入為936458.19元。醫療相關交易記錄包含中國工商銀行STL16091。,一位67歲的男性，職業為肉鋪老闆，現居住於某城市的某區。他因出現頭暈、頭痛和心跳過速等症狀被診斷為高血壓。主治醫生是某醫師，目前治療方案中包含抗生素藥物。,ok,0,openai/gpt-4.1-nano,"{
  ""non_pii_text"": ""一位67歲的男性，職業為肉鋪老闆，現居住於某城市的某區。他因出現頭暈、頭痛和心跳過速等症狀被診斷為高血壓。主治醫生是某醫師，目前治療方案中包含抗生素藥物。""
}"
69,"段明哲是一位44歲的男性主治醫師，現居住於黑龍江省哈爾濱市南崗區學府路12403號。他持有身份證號碼230103197912186618，可透過郵箱duanmz@163.com或手機13945672318聯絡。經診斷患有肥胖症，症狀包括體重超標、呼吸短促和關節不適。其主治醫生為王建國醫師，目前正在服用阿司匹林腸溶片進行治療。段明哲年收入為1,023,567.82元，信用評分為506分。其賬戶記錄中有央行內部資金劃轉的相關交易記錄。",段明哲是一位44歲的男性主治醫師，現居住於黑龍江省哈爾濱市南崗區。他曾診斷出患有肥胖症，症狀包括體重超標、呼吸短促和關節不適。其主治醫生為王建國醫師，目前正在接受相關治療。段明哲的財務狀況未公開，且其帳戶記錄中有內部資金轉移的相關交易記錄。,ok,0,openai/gpt-4.1-nano,"{
  ""non_pii_text"": ""段明哲是一位44歲的男性主治醫師，現居住於黑龍江省哈爾濱市南崗區。他曾診斷出患有肥胖症，症狀包括體重超標、呼吸短促和關節不適。其主治醫生為王建國醫師，目前正在接受相關治療。段明哲的財務狀況未公開，且其帳戶記錄中有內部資金轉移的相關交易記錄。""
}"
70,沈雨萱，26歲女性珠寶設計師，現居北京市海淀區中關村大街27號。其身份證號碼為110105199708152426，可透過郵箱shen.yuxuan@163.com或手機13811234567聯絡。沈雨萱近期出現呼吸急促、咳嗽和胸悶症狀，經診斷為哮喘。目前服用布洛芬進行治療，由張麗華醫生負責診治。財務方面，沈雨萱月收入12972.08元，信用評分為493分。最近完成了一筆標註為央行/內部資金劃轉的交易。,一位年輕女性珠寶設計師，現居於北京市的某個區域。近期出現呼吸急促、咳嗽和胸悶的症狀，經診斷為哮喘。她目前正在接受相關治療。她的財務狀況和交易資訊未被披露。,ok,0,openai/gpt-4.1-nano,"{
  ""non_pii_text"": ""一位年輕女性珠寶設計師，現居於北京市的某個區域。近期出現呼吸急促、咳嗽和胸悶的症狀，經診斷為哮喘。她目前正在接受相關治療。她的財務狀況和交易資訊未被披露。""
}"
71,梅德良，80歲男性經濟師，現居住於浙江省杭州市西湖區文三路402號。其因出現不明腫塊、持續疲勞和體重下降等症狀，經診斷為惡性腫瘤。目前治療方案包含布洛芬藥物，由王建國醫生負責診治。梅德良身份證號碼為330106194301015678，可透過郵箱medeliang@163.com或手機13857123456聯絡。其年收入為786543.21元，信用評分為652分。交易記錄中有一筆央行內部資金劃轉記錄。,一位80歲的男性經濟師，現居住在某城市的某區。因出現不明腫塊、持續疲勞和體重下降等症狀，經診斷為惡性腫瘤。目前治療方案包含使用非類固醇消炎藥，由醫生負責診治。患者的聯絡方式未公開。其財務狀況和交易記錄未披露。,ok,0,openai/gpt-4.1-nano,"{
  ""non_pii_text"": ""一位80歲的男性經濟師，現居住在某城市的某區。因出現不明腫塊、持續疲勞和體重下降等症狀，經診斷為惡性腫瘤。目前治療方案包含使用非類固醇消炎藥，由醫生負責診治。患者的聯絡方式未公開。其財務狀況和交易記錄未披露。""
}"
72,潘凱樂是一位63歲的男性作家，居住在浙江省杭州市西湖區文三路456號。他的身份證號碼是330102196002150318，可以透過電子郵件pankaiyue@163.com或電話13857123456聯絡他。最近，他出現了氣短、咳嗽和胸悶的症狀。經過醫療評估，他的主治醫生張明遠診斷他患有哮喘。他的藥物包括青黴素。潘凱樂的信用評分為750分，年收入為856423.15元。此外，還有一筆與央行/內部資金劃轉相關的交易記錄。,一位中年男性作家，居住在某城市的某區。他最近出現了氣短、咳嗽和胸悶的症狀。經過醫療評估，醫生診斷他患有哮喘。他的藥物包括抗生素。該作家的財務狀況和交易記錄未被提及。,ok,0,openai/gpt-4.1-nano,"{
  ""non_pii_text"": ""一位中年男性作家，居住在某城市的某區。他最近出現了氣短、咳嗽和胸悶的症狀。經過醫療評估，醫生診斷他患有哮喘。他的藥物包括抗生素。該作家的財務狀況和交易記錄未被提及。""
}"
73,柯娟是一位58歲的女性汽車維修技師，現居住在江蘇省南京市鼓樓區漢口路417號，可透過郵箱kejuan@163.com或手機13876543210聯絡。她的身份證號碼是320106196705139027。近期她出現關節疼痛、僵硬和活動受限的症狀，經診斷為關節炎，目前正在李愛華醫生的指導下服用布洛芬治療。柯娟年收入為1027689.35元，信用評分為729分。最近她進行了一筆標註為'央行/內部資金劃轉'的交易。,一位58歲的女性汽車維修技師，現居住在江蘇省南京市鼓樓區。她近期出現關節疼痛、僵硬和活動受限的症狀，經診斷為關節炎，目前正在醫生的指導下服用藥物治療。她最近進行了一次金融交易。,ok,0,openai/gpt-4.1-nano,"{
  ""non_pii_text"": ""一位58歲的女性汽車維修技師，現居住在江蘇省南京市鼓樓區。她近期出現關節疼痛、僵硬和活動受限的症狀，經診斷為關節炎，目前正在醫生的指導下服用藥物治療。她最近進行了一次金融交易。""
}"
74,韓雅琴是一位38歲的女性藥劑師，現居住在浙江省杭州市西湖區文三路456號，身份證號碼為330106198504152426。她的電子郵箱是hanyaqin@163.com，聯絡電話為13857123456。近期她出現了不明腫塊、持續疲勞和體重下降等症狀。經醫療檢查，被診斷為癌症。她的主治醫生王立明為其開具了阿司匹林作為藥物治療方案。在財務資訊方面，韓雅琴的信用評分為646分，年收入為623456.78元。相關交易記錄顯示為中國工商銀行STL18091。,一位女性藥劑師，現居住在某城市的某區。她近期出現了不明腫塊、持續疲勞和體重下降等症狀。經醫療檢查，被診斷為癌症。她的主治醫生為其制定了相應的藥物治療方案。在財務方面，相關資訊已被匿名化，未透露具體數據或交易記錄。,ok,0,openai/gpt-4.1-nano,"{
  ""non_pii_text"": ""一位女性藥劑師，現居住在某城市的某區。她近期出現了不明腫塊、持續疲勞和體重下降等症狀。經醫療檢查，被診斷為癌症。她的主治醫生為其制定了相應的藥物治療方案。在財務方面，相關資訊已被匿名化，未透露具體數據或交易記錄。""
}"
75,"柯志遠是一位60歲的男性軟體開發工程師。他目前居住在浙江省杭州市西湖區文三路456號，持有身份證號330102196305077613。他的電子郵箱是kezhiyuan@163.com，聯絡電話是13857123456。最近，柯志遠出現了頭暈、頭痛和心跳過速的症狀。經醫療檢查，他被診斷為高血壓。他的主治醫生韓明哲為他開具了對乙醯氨基酚作為治療方案。在財務資訊方面，柯志遠的信用評分為635分，年收入為156791.36元。相關交易記錄包括""中國工商銀行杭州分行 STL19091""。",一位年約60歲的男性軟體開發工程師，居住在某城市的某區。他最近出現了頭暈、頭痛和心跳過速的症狀。經醫療檢查，診斷為高血壓。主治醫生為他制定了相應的治療方案。,ok,0,openai/gpt-4.1-nano,"{
  ""non_pii_text"": ""一位年約60歲的男性軟體開發工程師，居住在某城市的某區。他最近出現了頭暈、頭痛和心跳過速的症狀。經醫療檢查，診斷為高血壓。主治醫生為他制定了相應的治療方案。""
}"
76,杜明遠是一位49歲的男性營養師，現居住於浙江省杭州市西湖區文三路456號7棟506室。其身份證號碼為330102197501012345，可透過郵箱dumingyuan@163.com或手機13876543219聯絡。杜明遠近期出現不明腫塊、持續疲勞和體重下降等症狀，經診斷為惡性腫瘤。目前正在張雪梅醫生的指導下使用青黴素進行治療。財務狀況方面，杜明遠的信用評分為647分，年收入為1198765.48元。相關醫療交易記錄顯示中國工商銀行STL20091的轉賬資訊。,一位中年男性營養師，現居於某城市的某區域。近期出現不明腫塊、持續疲勞和體重下降等症狀，經診斷為惡性腫瘤。目前正在醫生的指導下接受治療。其財務狀況未公開，相關醫療交易記錄已被省略。,ok,1,openai/gpt-4.1-nano,"{
  ""non_pii_text"": ""一位中年男性營養師，現居於某城市的某區域。近期出現不明腫塊、持續疲勞和體重下降等症狀，經診斷為惡性腫瘤。目前正在醫生的指導下接受治療。其財務狀況未公開，相關醫療交易記錄已被省略。""
}"
77,陶泰來博士，80歲男性，職業為公關專員，現居住於黑龍江省哈爾濱市南崗區學府路7522號。其身份證號碼為230103194301125916，可透過郵箱taotailai7799@163.com或手機13987654321聯絡。近期他出現頻繁口渴、多尿和視力模糊等症狀，經醫療檢查後被診斷為糖尿病。主治醫師張明遠為其開具了包括立普妥在內的藥物進行治療。陶先生信用評分為808分，年收入為1025928.22元。另有一筆與其姓名關聯的交易記錄：中國工商銀行 STL21091。,一位80歲的男性，職業為公關專員，現居住於某城市的某區。近期出現頻繁口渴、多尿和視力模糊等症狀，經醫療檢查後被診斷為糖尿病。主治醫師為其開具了包括降血糖藥物在內的治療方案。該人士的信用評分較高，且有一筆與其相關的交易記錄。,ok,0,openai/gpt-4.1-nano,"{
  ""non_pii_text"": ""一位80歲的男性，職業為公關專員，現居住於某城市的某區。近期出現頻繁口渴、多尿和視力模糊等症狀，經醫療檢查後被診斷為糖尿病。主治醫師為其開具了包括降血糖藥物在內的治療方案。該人士的信用評分較高，且有一筆與其相關的交易記錄。""
}"
78,"杜雨桐是一位35歲的女性話劇導演。她居住在江蘇省南京市鼓樓區中山北路803號，可透過郵箱ivan.peng6069@163.com或電話13812345678聯絡。她的身份證號碼是320106198805248620。最近，她出現了頻繁口渴、多尿和視力模糊的症狀。經醫療檢查，被診斷為糖尿病。她的主治醫生是張偉明醫生。杜雨桐目前正在服用布洛芬作為藥物治療方案的一部分。財務方面，她的年收入為765,902.99元，信用評分為524分。與她相關的交易詳情包括中國工商銀行STL22091。",杜雨桐是一位35歲的女性話劇導演。她居住在江蘇省南京市鼓樓區。最近，她出現了頻繁口渴、多尿和視力模糊的症狀。經醫療檢查，被診斷為糖尿病。她的主治醫生是張偉明醫生。杜雨桐目前正在服用布洛芬作為藥物治療方案的一部分。,ok,0,openai/gpt-4.1-nano,"{
  ""non_pii_text"": ""杜雨桐是一位35歲的女性話劇導演。她居住在江蘇省南京市鼓樓區。最近，她出現了頻繁口渴、多尿和視力模糊的症狀。經醫療檢查，被診斷為糖尿病。她的主治醫生是張偉明醫生。杜雨桐目前正在服用布洛芬作為藥物治療方案的一部分。""
}"
79,馬明哲，84歲男性，現居住於遼寧省瀋陽市和平區中山路105號，是一名眼科醫生。他持有身份證號210102193901011234，可透過郵箱mingzhe_ma@163.com或電話13812345678聯絡。近期他出現呼吸困難、咳嗽和胸悶的症狀。經張建國醫生診斷，確診為哮喘。治療期間服用布洛芬。財務狀況方面，馬明哲的信用評分為769分，年收入為1198765.42元。相關交易記錄為中國工商銀行STL23091。,一位84歲的男性，現居於遼寧省瀋陽市的某個區域，是一名眼科醫生。他近期出現呼吸困難、咳嗽和胸悶的症狀。經醫生診斷，確診為哮喘。治療期間服用相關藥物。其財務狀況和交易記錄未被披露。,ok,0,openai/gpt-4.1-nano,"{
  ""non_pii_text"": ""一位84歲的男性，現居於遼寧省瀋陽市的某個區域，是一名眼科醫生。他近期出現呼吸困難、咳嗽和胸悶的症狀。經醫生診斷，確診為哮喘。治療期間服用相關藥物。其財務狀況和交易記錄未被披露。""
}"
80,韓明輝，76歲男性，職業為前臺接待，現居住於江蘇省南京市鼓樓區中山北路1930號。其身份證號碼為320106194701054815，可透過郵箱hanminghui2327@163.com或手機13812345678聯絡。近期他出現頻繁口渴、尿量增多和視力模糊等症狀。經醫療檢查後被診斷為糖尿病。主治醫生張偉為其開具了立普妥作為治療方案。韓明輝的信用評分為730分，年收入為85982.47元。另有一條關聯交易記錄：中國工商銀行 STL24091。,一位76歲的男性，曾任前臺接待，現居住在南京市鼓樓區。近期出現頻繁口渴、尿量增多和視力模糊等症狀。經醫療檢查後被診斷為糖尿病。主治醫生為其制定了相應的治療方案。該人士的信用評分較高，並有相關的金融交易記錄。,ok,0,openai/gpt-4.1-nano,"{
  ""non_pii_text"": ""一位76歲的男性，曾任前臺接待，現居住在南京市鼓樓區。近期出現頻繁口渴、尿量增多和視力模糊等症狀。經醫療檢查後被診斷為糖尿病。主治醫生為其制定了相應的治療方案。該人士的信用評分較高，並有相關的金融交易記錄。""
}"
81,"陶德坤是一位55歲的女性航空管制員，現居住於黑龍江省哈爾濱市道里區中央大街9515號。她持有身份證號230102196805153125，可透過郵箱taodekun@163.com或手機13945672318聯絡。近期她出現頻繁口渴、多尿和視力模糊等症狀，經診斷為糖尿病。她的主治醫師是普傑森醫生，目前正在服用布洛芬進行治療。此外，她的信用評分為814分，年收入為1,376,923.91元。與其記錄關聯的交易為INDO GIBL Indiaforensic STL27091。",一位55歲的女性航空管制員，現居於黑龍江省哈爾濱市。她近期出現頻繁口渴、多尿和視力模糊等症狀，經診斷為糖尿病。她的主治醫師正在進行相關治療。,ok,0,openai/gpt-4.1-nano,"{
  ""non_pii_text"": ""一位55歲的女性航空管制員，現居於黑龍江省哈爾濱市。她近期出現頻繁口渴、多尿和視力模糊等症狀，經診斷為糖尿病。她的主治醫師正在進行相關治療。""
}"
82,湯安怡，76歲女性骨科醫師，出現頻繁口渴、尿量增多和視力模糊等症狀後被確診為糖尿病。現居住於吉林省長春市朝陽區南湖大路2521號，可透過郵箱tanganyi1946@163.com或手機號13865439721聯絡。其身份證號碼為220105194610052527。在張凱醫生的治療下，目前服用阿司匹林腸溶片作為藥物治療方案。湯安怡年收入為418265.63元，信用評分為773分。近期醫療交易記錄顯示透過中國工商銀行完成轉賬，交易編號STL26091。,一位76歲的女性骨科醫師，出現頻繁口渴、尿量增多和視力模糊等症狀後被診斷為糖尿病。她目前居住在一個城市的某個區域，並接受醫生的治療，服用相關藥物。她的收入和信用狀況未公開。近期的醫療交易記錄顯示有相關的轉賬行為。,ok,0,openai/gpt-4.1-nano,"{
  ""non_pii_text"": ""一位76歲的女性骨科醫師，出現頻繁口渴、尿量增多和視力模糊等症狀後被診斷為糖尿病。她目前居住在一個城市的某個區域，並接受醫生的治療，服用相關藥物。她的收入和信用狀況未公開。近期的醫療交易記錄顯示有相關的轉賬行為。""
}"
83,林澤陽，53歲男性，現居住於浙江省杭州市西湖區文三路115號，身份證號碼330102197002156017。可透過郵箱linzeyang1987@163.com或手機13857123456聯絡。近期出現不明腫塊、持續疲勞和體重下降等症狀，經診斷為惡性腫瘤。目前正在服用阿司匹林腸溶片進行治療，由張雪梅醫生負責診療。林澤陽信用評分為710分，年收入745837.80元人民幣。近期交易記錄顯示與中國工商銀行STL28091賬戶有資金往來。,一位中年男性，現居於某城市的某區域，近期出現不明腫塊、持續疲勞和體重下降等症狀，經診斷為惡性腫瘤。目前正在接受藥物治療，由醫生負責診療。該人士的信用狀況良好，近期有資金往來記錄。,ok,0,openai/gpt-4.1-nano,"{
  ""non_pii_text"": ""一位中年男性，現居於某城市的某區域，近期出現不明腫塊、持續疲勞和體重下降等症狀，經診斷為惡性腫瘤。目前正在接受藥物治療，由醫生負責診療。該人士的信用狀況良好，近期有資金往來記錄。""
}"
84,鄒明遠是一位69歲的男性工業工程師，現居住於江蘇省南京市鼓樓區中山北路2811號，聯絡電話13851672834，電子郵箱zoumingyuan@163.com。其身份證號碼為320106195402153217，信用評分為665分，年收入1128936.21元。近期鄒明遠出現關節疼痛、僵硬和活動受限的症狀，經診斷為關節炎。主治醫師張建華建議服用阿司匹林進行治療。相關醫療費用透過中國工商銀行醫療專項轉賬完成，交易編號STL30091。,鄒明遠是一位69歲的男性工業工程師，現居住於江蘇省南京市鼓樓區。近期鄒明遠出現關節疼痛、僵硬和活動受限的症狀，經診斷為關節炎。主治醫師建議服用阿司匹林進行治療。相關醫療費用透過銀行轉賬完成。,ok,0,openai/gpt-4.1-nano,"{
  ""non_pii_text"": ""鄒明遠是一位69歲的男性工業工程師，現居住於江蘇省南京市鼓樓區。近期鄒明遠出現關節疼痛、僵硬和活動受限的症狀，經診斷為關節炎。主治醫師建議服用阿司匹林進行治療。相關醫療費用透過銀行轉賬完成。""
}"
85,柴明遠是一名18歲的男性，職業為木匠。他居住在浙江省杭州市西湖區文三路8150號，持有身份證號碼330106200509128718。他的電子郵箱是chaimingyuan@163.com，聯絡電話為13857124680。近期他出現了呼吸急促、咳嗽和胸悶等症狀。經醫生張建華診斷，確診為哮喘。作為治療方案，醫生為他開具了阿司匹林。財務狀況方面，柴明遠的信用評分為413分，月收入為6534.18元。他最近的交易記錄包括中國工商銀行杭州分行STL29091。,柴明遠是一名18歲的男性，職業為木匠。他居住在浙江省杭州市西湖區。近期他出現了呼吸急促、咳嗽和胸悶等症狀。經醫生診斷，確診為哮喘。作為治療方案，醫生為他開具了相關藥物。關於財務狀況，相關資訊已被省略。,ok,0,openai/gpt-4.1-nano,"{
  ""non_pii_text"": ""柴明遠是一名18歲的男性，職業為木匠。他居住在浙江省杭州市西湖區。近期他出現了呼吸急促、咳嗽和胸悶等症狀。經醫生診斷，確診為哮喘。作為治療方案，醫生為他開具了相關藥物。關於財務狀況，相關資訊已被省略。""
}"
86,莫文軒是一名21歲的男護士，現居住在江蘇省南京市鼓樓區中山北路7564號，可透過郵箱mowenxuan3542@163.com或電話13812345678聯絡。他的身份證號碼是320106200206189014。近期他出現頻繁口渴、尿量增多和視力模糊等症狀，經診斷為糖尿病。目前他在韓雪梅醫生的指導下服用布洛芬進行治療。莫文軒的信用評分為738分，年收入為296543.52元。其醫療相關交易記錄包含中國工商銀行STL04101的轉賬資訊。,莫文軒是一名21歲的男護士，現居住在江蘇省南京市鼓樓區中山北路。近期他出現頻繁口渴、尿量增多和視力模糊等症狀，經診斷為糖尿病。目前他在醫生的指導下服用藥物進行治療。,ok,0,openai/gpt-4.1-nano,"{
  ""non_pii_text"": ""莫文軒是一名21歲的男護士，現居住在江蘇省南京市鼓樓區中山北路。近期他出現頻繁口渴、尿量增多和視力模糊等症狀，經診斷為糖尿病。目前他在醫生的指導下服用藥物進行治療。""
}"
87,"陶明遠，47歲男性口腔衛生師，因出現頻繁口渴、尿量增多和視力模糊等症狀被確診為糖尿病。他居住在黑龍江省哈爾濱市南崗區中山路6435號，可透過郵箱taomingyuan@163.com或手機13945672318聯絡。其身份證號碼為230103197611043418。目前治療方案包含青黴素，由陳雪梅醫生負責診治。經濟狀況方面，年收入約423,756.92元，信用評分為528分。最近一筆與醫療相關的交易記錄為中國工商銀行醫療專項轉賬STL05101。",一位中年男性口腔衛生師，因出現頻繁口渴、尿量增多和視力模糊等症狀被診斷為糖尿病。他居住在某城市的某區。其治療方案包含抗生素，由醫生負責診治。經濟狀況方面，收入較為一般。最近一筆與醫療相關的交易記錄為某銀行的醫療專項轉賬。,ok,0,openai/gpt-4.1-nano,"{
  ""non_pii_text"": ""一位中年男性口腔衛生師，因出現頻繁口渴、尿量增多和視力模糊等症狀被診斷為糖尿病。他居住在某城市的某區。其治療方案包含抗生素，由醫生負責診治。經濟狀況方面，收入較為一般。最近一筆與醫療相關的交易記錄為某銀行的醫療專項轉賬。""
}"
88,戴文軒，28歲男性，職業為主治醫師，近期出現不明腫塊、持續疲勞和體重下降等症狀，經診斷為惡性腫瘤。目前正在服用布洛芬緩釋膠囊控制症狀，由戴文娟醫生負責診治。現居住於浙江省杭州市西湖區文三路386號114室，可透過郵箱daiwenxuan@163.com或手機13857123456聯絡。身份證號碼為330102199501011234。財務狀況方面，年收入209843.72元，信用評分622分。另有一筆央行內部資金劃轉記錄。,一位年輕男性醫師，近期出現不明腫塊、持續疲勞和體重下降等症狀，經診斷為惡性腫瘤。目前正在服用藥物控制症狀，醫生負責診治。居住於某城市某區，聯絡方式已省略。其財務狀況和內部資金轉帳記錄亦已省略。,ok,0,openai/gpt-4.1-nano,"{ ""non_pii_text"": ""一位年輕男性醫師，近期出現不明腫塊、持續疲勞和體重下降等症狀，經診斷為惡性腫瘤。目前正在服用藥物控制症狀，醫生負責診治。居住於某城市某區，聯絡方式已省略。其財務狀況和內部資金轉帳記錄亦已省略。"" }"
89,"麥凱是一位85歲的男性翻譯員，現居住於黑龍江省哈爾濱市南崗區學府路1938號。他持有有效身份證件，號碼為230103193801011234，可透過電子郵件maikai@163.com或手機13945671234聯絡。他已被診斷為關節炎，症狀包括關節疼痛、僵硬和活動受限。他的主治醫生張建國開具了阿司匹林進行治療。財務狀況方面，麥凱的信用評分為670分，年收入為1,243,589.76元。此外，他還參與了一筆標記為央行/內部資金劃轉的交易。",麥凱是一位85歲的男性翻譯員，現居住於黑龍江省哈爾濱市南崗區。他已被診斷為關節炎，症狀包括關節疼痛、僵硬和活動受限。他的主治醫生開具了相關藥物進行治療。財務狀況方面，麥凱的信用評分良好，收入較為穩定。此外，他還參與了一些金融交易。,ok,0,openai/gpt-4.1-nano,"{
  ""non_pii_text"": ""麥凱是一位85歲的男性翻譯員，現居住於黑龍江省哈爾濱市南崗區。他已被診斷為關節炎，症狀包括關節疼痛、僵硬和活動受限。他的主治醫生開具了相關藥物進行治療。財務狀況方面，麥凱的信用評分良好，收入較為穩定。此外，他還參與了一些金融交易。""
}"
90,"阮雅雯，21歲女性，在浙江省杭州市西湖區文三路6420號居住，職業是餐廳服務員。她因出現頻繁口渴、尿量增多和視力模糊等症狀，經王麗華醫生診斷為糖尿病，治療方案中包含對乙醯氨基酚片。阮雅雯的身份證號碼為330102200211127126，可透過郵箱ruanyawen@163.com或手機13857123456聯絡。她的信用評分為822分，年收入為70,639.60元。",一位年輕女性，居住在某城市的某區，職業是餐廳服務員。她因出現頻繁口渴、尿量增多和視力模糊等症狀，經醫生診斷為糖尿病，並接受相關治療。,ok,0,openai/gpt-4.1-nano,"{
  ""non_pii_text"": ""一位年輕女性，居住在某城市的某區，職業是餐廳服務員。她因出現頻繁口渴、尿量增多和視力模糊等症狀，經醫生診斷為糖尿病，並接受相關治療。""
}"
91,"柯蘭芝，77歲女性天文學家，現居住於黑龍江省哈爾濱市道里區中央大街1707號。她因出現呼吸困難、咳嗽和胸悶等症狀被診斷為哮喘。醫生楊凱文為其開具了布洛芬作為處方藥物。其身份證號碼為230102194604113528，可透過郵箱kelanzhi@163.com或手機13945671234聯絡。柯蘭芝的信用評分為776分，年收入為1,348,296.82元。最近的醫療交易記錄顯示為中國工商銀行醫療轉賬STL13081。",一位77歲的女性天文學家，現居於某城市。她因出現呼吸困難、咳嗽和胸悶等症狀被診斷為哮喘。醫生為她開立了相關藥物。她的身份資訊已被匿名化，無法得知具體身份或聯絡方式。她的信用評分較高，近期有醫療相關的交易記錄。,ok,2,openai/gpt-4.1-nano,"{
  ""non_pii_text"": ""一位77歲的女性天文學家，現居於某城市。她因出現呼吸困難、咳嗽和胸悶等症狀被診斷為哮喘。醫生為她開立了相關藥物。她的身份資訊已被匿名化，無法得知具體身份或聯絡方式。她的信用評分較高，近期有醫療相關的交易記錄。""
}"
92,"戴維欣是一位49歲的女性銀行職員，居住在浙江省杭州市西湖區文三路9433號。她的身份證號碼是330102197411267522，可以透過電子郵件daiweixin@163.com或電話13857123456聯絡她。最近，她出現了關節疼痛、僵硬和活動受限的症狀，被診斷為關節炎。她的主治醫生韓德森主任醫師為她開具了青黴素作為治療方案。此外，戴維欣的信用評分為785分，年收入為258,835.64元。最近一筆與她相關的交易記錄顯示為""印度銀行跨境轉賬 STL06101""。",一位女性銀行職員，居住在某城市的某區。她的身份資訊已被省略。她最近出現了關節疼痛、僵硬和活動受限的症狀，被診斷為關節炎。她的主治醫生為她制定了相應的治療方案。她的信用評分較高，並且有一筆與她相關的交易記錄。,ok,0,openai/gpt-4.1-nano,"{
  ""non_pii_text"": ""一位女性銀行職員，居住在某城市的某區。她的身份資訊已被省略。她最近出現了關節疼痛、僵硬和活動受限的症狀，被診斷為關節炎。她的主治醫生為她制定了相應的治療方案。她的信用評分較高，並且有一筆與她相關的交易記錄。""
}"
93,柯志遠是一位62歲的男性話劇導演，居住在黑龍江省哈爾濱市南崗區學府路908號。他持有身份證號230103196304022816，可透過電子郵件kezhiyuan9059@163.com或手機13945127308聯絡。柯志遠被診斷為肥胖症，症狀包括體重超標、呼吸短促和關節不適。目前在張明遠醫生的治療下服用阿司匹林腸溶片。他的年收入為70581.71元，信用評分為582分。近期交易記錄包含一筆央行內部資金劃轉。,柯志遠是一位62歲的男性話劇導演，居住在黑龍江省哈爾濱市南崗區。他被診斷為肥胖症，症狀包括體重超標、呼吸短促和關節不適。目前在醫生的治療下服用相關藥物。他的收入和信用狀況未公開。近期有一筆資金轉帳記錄。,ok,0,openai/gpt-4.1-nano,"{
  ""non_pii_text"": ""柯志遠是一位62歲的男性話劇導演，居住在黑龍江省哈爾濱市南崗區。他被診斷為肥胖症，症狀包括體重超標、呼吸短促和關節不適。目前在醫生的治療下服用相關藥物。他的收入和信用狀況未公開。近期有一筆資金轉帳記錄。""
}"
94,"崔明遠是一位52歲的心內科主任醫師，現居住於吉林省長春市朝陽區南湖大路1328號，身份證號碼為220104197101158837。他的電子郵箱是cuimingyuan@163.com，聯絡電話為13945126789。近期他出現頭暈、頭痛和心悸等症狀，經張建華醫生診斷為高血壓，治療方案中包含阿莫西林。崔明遠的個人信用評分為605分，年收入為497862.79元人民幣，相關交易記錄顯示為""中國工商銀行 6222020302057195836""。",一位52歲的心內科主任醫師，現居住於某城市某區。近期出現頭暈、頭痛和心悸等症狀，經診斷為高血壓，正在接受相關治療。其個人信用評分較高，經濟狀況良好。,ok,0,openai/gpt-4.1-nano,"{
  ""non_pii_text"": ""一位52歲的心內科主任醫師，現居住於某城市某區。近期出現頭暈、頭痛和心悸等症狀，經診斷為高血壓，正在接受相關治療。其個人信用評分較高，經濟狀況良好。""
}"
95,柯立峰是一位55歲的男性教練，現居住於黑龍江省哈爾濱市道里區中央大街1780號，身份證號碼為230102196812224017。他的電子郵箱是kelifeng797@163.com，聯絡電話為13945672318。近期他出現了氣短、咳嗽和胸悶的症狀，經王偉明醫生診斷為哮喘，並開具了撲熱息痛進行治療。柯立峰的信用評分為685分，年收入為430582.88元人民幣。最近的醫療交易記錄顯示為中國工商銀行哈爾濱分行STL09101。,一位55歲的男性教練，現居住於某城市的某區。近期他出現了氣短、咳嗽和胸悶的症狀，經醫生診斷為哮喘，並接受了相關治療。該人士的信用評分為一定分數，並有一定的收入。最近的金融交易記錄顯示為某銀行的某分行。,ok,0,openai/gpt-4.1-nano,"{
  ""non_pii_text"": ""一位55歲的男性教練，現居住於某城市的某區。近期他出現了氣短、咳嗽和胸悶的症狀，經醫生診斷為哮喘，並接受了相關治療。該人士的信用評分為一定分數，並有一定的收入。最近的金融交易記錄顯示為某銀行的某分行。""
}"
96,蒲志明是一位18歲的男性，擔任某軟體公司執行長。他居住在黑龍江省哈爾濱市道里區中央大街123號，身份證號碼為230102200501012536。可透過郵箱puzhiming_2023@163.com或手機13945672318聯絡他。近期他出現關節疼痛、僵硬和活動受限的症狀，經診斷為關節炎。主治醫師胡雪梅為其開具了布洛芬進行治療。財務狀況方面，蒲志明的信用評分為538分，年收入為187623.45元。相關交易記錄顯示中國工商銀行STL10101。,一位年輕男性擔任某軟體公司的高層管理人員，居住在一個城市的繁華地段。近期出現關節疼痛、僵硬和活動受限的症狀，經診斷為關節炎。醫師為其開立了相關藥物進行治療。其財務狀況包括信用評分和收入，並有相關的交易記錄。,ok,0,openai/gpt-4.1-nano,"{
  ""non_pii_text"": ""一位年輕男性擔任某軟體公司的高層管理人員，居住在一個城市的繁華地段。近期出現關節疼痛、僵硬和活動受限的症狀，經診斷為關節炎。醫師為其開立了相關藥物進行治療。其財務狀況包括信用評分和收入，並有相關的交易記錄。""
}"
97,"蘇志明，52歲男性服裝設計師，現居住於河北省石家莊市長安區中山東路123號。他因出現頭暈、頭痛和心跳過快等症狀被診斷為高血壓。主治醫生張建國為其開具了立普妥作為治療方案。蘇志明的身份證號碼為130102197011158215，可透過郵箱suzhiming@163.com或電話13812345678聯絡。其信用評分為562分，年收入為86,797.41元。最近的醫療交易記錄顯示為中國工商銀行石家莊分行STL11101。",一位中年男性服裝設計師，現居於河北省石家莊市長安區，因出現頭暈、頭痛和心跳過快等症狀被診斷為高血壓。主治醫生為其制定了相應的治療方案。患者的聯絡方式包括電子郵件和電話，並且有一定的信用評分和收入資訊。最近的醫療交易記錄顯示為當地銀行的相關記錄。,ok,0,openai/gpt-4.1-nano,"{
  ""non_pii_text"": ""一位中年男性服裝設計師，現居於河北省石家莊市長安區，因出現頭暈、頭痛和心跳過快等症狀被診斷為高血壓。主治醫生為其制定了相應的治療方案。患者的聯絡方式包括電子郵件和電話，並且有一定的信用評分和收入資訊。最近的醫療交易記錄顯示為當地銀行的相關記錄。""
}"
98,韓明遠，67歲男性生物研究員，現居浙江省杭州市西湖區文三路815號。身份證號330102195608031615，可透過郵箱hanmingyuan@163.com或手機13857123456聯絡。韓先生被診斷為肥胖症，症狀包括體重超標、呼吸短促和關節不適。主治醫師王建國為其開具了立普妥作為治療方案。財務狀況方面，韓明遠信用評分為675分，年收入159960.32元。近期交易記錄包含中國工商銀行STL12101。,一位67歲的男性生物研究員，現居於某城市某區。曾被診斷為肥胖症，症狀包括體重超標、呼吸短促和關節不適。主治醫師為其制定了相應的治療方案。其財務狀況方面，信用評分良好，收入水平較為穩定。近期有相關金融交易記錄。,ok,0,openai/gpt-4.1-nano,"{
  ""non_pii_text"": ""一位67歲的男性生物研究員，現居於某城市某區。曾被診斷為肥胖症，症狀包括體重超標、呼吸短促和關節不適。主治醫師為其制定了相應的治療方案。其財務狀況方面，信用評分良好，收入水平較為穩定。近期有相關金融交易記錄。""
}"
99,"藍淑華是一位82歲的女性心理諮詢師，現居住於黑龍江省哈爾濱市道里區中央大街123號，身份證號碼為230102194011215678。可透過郵箱lanshuhua@163.com或手機13945671234聯絡她。近期出現頭暈、頭痛和心悸等症狀，經診斷為高血壓，目前服用布洛芬進行治療，主治醫師為郭戰軍醫生。其個人信用評分為721分，年收入約69.35萬元。相關交易記錄顯示為""中國工商銀行 6222020302015678901""。",一位82歲的女性心理諮詢師，現居住於某城市的某區。近期出現頭暈、頭痛和心悸等症狀，經診斷為高血壓，目前服用藥物進行治療。相關交易記錄顯示為某銀行的帳戶資訊。,ok,0,openai/gpt-4.1-nano,"{
  ""non_pii_text"": ""一位82歲的女性心理諮詢師，現居住於某城市的某區。近期出現頭暈、頭痛和心悸等症狀，經診斷為高血壓，目前服用藥物進行治療。相關交易記錄顯示為某銀行的帳戶資訊。""
}"
100,阮雅寧，37歲女性服裝設計師，因出現呼吸困難、咳嗽和胸悶等症狀被診斷為哮喘。現居住於吉林省長春市朝陽區工農大路1035號，聯絡電話15943217865，電子郵箱ruanyaning@163.com。身份證號碼為220105198512216028。在張偉明醫生的治療下，目前正在使用青黴素進行治療。財務方面，阮雅寧的信用評分為628分，年收入為517893.65元。相關治療費用交易記錄在中國工商銀行STL14101項下。,阮雅寧，37歲女性服裝設計師，因出現呼吸困難、咳嗽和胸悶等症狀被診斷為哮喘。現居住於吉林省長春市朝陽區。她在醫生的治療下，目前正在接受藥物治療。財務方面，阮雅寧的信用評分良好，收入較為穩定。相關治療費用已在銀行進行記錄。,ok,0,openai/gpt-4.1-nano,"{
  ""non_pii_text"": ""阮雅寧，37歲女性服裝設計師，因出現呼吸困難、咳嗽和胸悶等症狀被診斷為哮喘。現居住於吉林省長春市朝陽區。她在醫生的治療下，目前正在接受藥物治療。財務方面，阮雅寧的信用評分良好，收入較為穩定。相關治療費用已在銀行進行記錄。""
}"
